item_name,2026-02-20 02:00,2026-02-20 03:00,2026-02-20 04:00,2026-02-20 05:00,2026-02-20 06:00,2026-02-20 07:00,2026-02-20 08:00,2026-02-20 10:00,2026-02-20 13:00,2026-02-20 14:00,2026-02-20 15:00,2026-02-20 16:00,2026-02-20 17:00,2026-02-20 18:00,2026-02-20 19:00,2026-02-20 20:00,2026-02-20 21:00,2026-02-20 22:00,2026-02-20 23:00,2026-02-21 00:00,2026-02-21 01:00,2026-02-21 02:00,2026-02-21 03:00,2026-02-21 04:00,2026-02-21 05:00,2026-02-21 06:00,2026-02-21 07:00,2026-02-21 08:00,2026-02-21 10:00,2026-02-21 13:00,2026-02-21 14:00,2026-02-21 15:00,2026-02-21 16:00,2026-02-21 17:00,2026-02-21 18:00,2026-02-21 19:00,2026-02-21 20:00,2026-02-21 21:00,2026-02-21 22:00,2026-02-21 23:00,2026-02-22 00:00,2026-02-22 01:00,2026-02-22 02:00,2026-02-22 03:00,2026-02-22 04:00,2026-02-22 05:00,2026-02-22 06:00,2026-02-22 07:00,2026-02-22 08:00,2026-02-22 10:00,2026-02-22 13:00,2026-02-22 14:00,2026-02-22 15:00,2026-02-22 16:00,2026-02-22 17:00,2026-02-22 18:00,2026-02-22 19:00,2026-02-22 20:00,2026-02-22 21:00,2026-02-22 22:00,2026-02-22 23:00,2026-02-23 00:00,2026-02-23 01:00,2026-02-23 02:00,2026-02-23 03:00,2026-02-23 04:00,2026-02-23 05:00,2026-02-23 06:00,2026-02-23 07:00,2026-02-23 08:00,2026-02-23 10:00,2026-02-23 13:00,2026-02-23 15:00,2026-02-23 16:00,2026-02-23 17:00,2026-02-23 18:00,2026-02-23 19:00,2026-02-23 20:00,2026-02-23 21:00,2026-02-23 23:00,2026-02-24 00:00,2026-02-24 01:00,2026-02-24 02:00,2026-02-24 04:00,2026-02-24 05:00,2026-02-24 06:00,2026-02-24 07:00,2026-02-24 08:00,2026-02-24 10:00,2026-02-24 13:00,2026-02-24 14:00,2026-02-24 16:00,2026-02-24 17:00,2026-02-24 18:00,2026-02-24 19:00,2026-02-24 20:00,2026-02-24 22:00,2026-02-24 23:00,2026-02-25 00:00,2026-02-25 02:00,2026-02-25 03:00,2026-02-25 04:00,2026-02-25 05:00,2026-02-25 06:00,2026-02-25 07:00,2026-02-25 08:00,2026-02-25 10:00,2026-02-25 13:00,2026-02-25 14:00,2026-02-25 16:00,2026-02-25 17:00,2026-02-25 18:00,2026-02-25 19:00,2026-02-25 20:00,2026-02-25 21:00,2026-02-25 23:00,2026-02-26 01:00,2026-02-26 02:00,2026-02-26 04:00,2026-02-26 05:00,2026-02-26 06:00,2026-02-26 07:00,2026-02-26 08:00,2026-02-26 10:00,2026-02-26 13:00,2026-02-26 14:00,2026-02-26 16:00,2026-02-26 17:00,2026-02-26 18:00,2026-02-26 19:00,2026-02-26 20:00,2026-02-26 22:00,2026-02-26 23:00,2026-02-27 00:00,2026-02-27 01:00,2026-02-27 02:00,2026-02-27 03:00,2026-02-27 04:00,2026-02-27 05:00,2026-02-27 06:00,2026-02-27 07:00
창연,10240.0,10306.0,10304.0,10304.0,11321.0,11297.0,11422.0,12581.0,10477.0,12162.0,11655.0,9117.0,10945.0,11586.0,11327.0,11327.0,12990.0,10588.0,12279.0,11442.0,11774.0,9640.0,9963.0,9857.0,9857.0,8115.0,8328.0,8734.0,10927.0,13600.0,14857.0,13719.0,13719.0,13420.0,13795.0,14463.0,14520.0,11157.0,7876.0,7876.0,7767.0,8373.0,8844.0,7256.0,7362.0,6148.0,5970.0,5792.0,5923.0,8482.0,12135.0,10173.0,8451.0,9520.0,9520.0,9754.0,10147.0,10459.0,12104.0,10036.0,10036.0,10473.0,11794.0,11313.0,12071.0,11420.0,11377.0,10731.0,10343.0,10265.0,11097.0,11427.0,11447.0,12289.0,12217.0,13237.0,12842.0,13717.0,14918.0,15571.0,13668.0,13382.0,6509.0,6532.0,6686.0,3534.0,4111.0,4111.0,3010.0,6413.0,6832.0,7237.0,8808.0,9649.0,8241.0,10353.0,10881.0,13092.0,9135.0,7784.0,7816.0,8015.0,8015.0,8269.0,8269.0,8269.0,9099.0,8956.0,10624.0,10830.0,11662.0,12757.0,12363.0,14294.0,13109.0,16175.0,15487.0,15247.0,14314.0,14430.0,12763.0,12716.0,12690.0,14691.0,13559.0,14416.0,13995.0,16234.0,11730.0,10638.0,10689.0,6527.0,6152.0,7368.0,7436.0,7881.0,8993.0,9165.0,9234.0,9264.0,9544.0
더럽혀진 부싯깃 상자,7299.0,7076.0,7088.0,7088.0,7079.0,7087.0,7108.0,6509.0,5647.0,5108.0,5136.0,4931.0,5556.0,5923.0,6021.0,6021.0,6073.0,6966.0,6975.0,5783.0,5814.0,5063.0,5117.0,5132.0,5132.0,6527.0,6572.0,5570.0,5303.0,5211.0,4098.0,4143.0,4143.0,4079.0,1571.0,1801.0,2143.0,1277.0,500.0,500.0,813.0,2020.0,2116.0,957.0,973.0,1134.0,969.0,991.0,1043.0,1255.0,484.0,827.0,1345.0,1750.0,1750.0,1393.0,808.0,1042.0,2002.0,1947.0,1947.0,1888.0,1294.0,2020.0,693.0,686.0,707.0,912.0,1114.0,1105.0,1029.0,2509.0,2620.0,1491.0,2621.0,3315.0,3588.0,2612.0,3531.0,4221.0,4509.0,5260.0,5388.0,5665.0,4954.0,4794.0,4846.0,4846.0,5450.0,5580.0,5525.0,4993.0,5152.0,5242.0,5352.0,5392.0,5237.0,5019.0,4458.0,4233.0,4249.0,4700.0,4700.0,4575.0,4575.0,4575.0,3912.0,3533.0,3794.0,3807.0,4539.0,4233.0,4253.0,4878.0,3761.0,4993.0,4047.0,4065.0,4045.0,3974.0,3769.0,3723.0,3515.0,2696.0,3127.0,3126.0,3213.0,741.0,1732.0,504.0,1866.0,2203.0,3069.0,3229.0,3374.0,3627.0,3950.0,3743.0,3751.0,3810.0,3650.0
장막의 천,123059.0,122060.0,122062.0,122062.0,122413.0,122378.0,122378.0,122413.0,117355.0,104704.0,89197.0,27228.0,7090.0,7124.0,7114.0,7114.0,6872.0,59196.0,58727.0,58856.0,59000.0,59260.0,59372.0,59395.0,59395.0,59445.0,59489.0,63777.0,64601.0,63780.0,8050.0,11904.0,11904.0,21975.0,21639.0,21796.0,21844.0,21615.0,22962.0,22962.0,23229.0,23776.0,25047.0,28633.0,26201.0,38600.0,40344.0,40344.0,40455.0,40517.0,52975.0,51033.0,50139.0,50041.0,50041.0,53802.0,54200.0,50651.0,50211.0,49268.0,49268.0,49371.0,50728.0,51848.0,52237.0,52119.0,51815.0,51809.0,53099.0,53100.0,55602.0,54064.0,188020.0,187379.0,188191.0,192868.0,187178.0,187449.0,190642.0,186881.0,198825.0,198753.0,189258.0,189500.0,166947.0,166827.0,166906.0,166906.0,166581.0,168297.0,168723.0,168800.0,174117.0,174350.0,165355.0,165414.0,164594.0,165710.0,163850.0,164482.0,164640.0,164626.0,164626.0,164756.0,164756.0,164756.0,171571.0,162786.0,24134.0,23890.0,23944.0,29764.0,30694.0,30883.0,18928.0,20326.0,11839.0,12267.0,14350.0,14532.0,14193.0,14316.0,14328.0,17268.0,25524.0,25415.0,24641.0,18436.0,19143.0,18824.0,19298.0,22065.0,32252.0,33954.0,34397.0,33524.0,33585.0,33923.0,33884.0,33470.0,33494.0
영혼 티끌,84809.0,84809.0,84707.0,84707.0,84707.0,84840.0,84840.0,84452.0,88513.0,88882.0,61882.0,39031.0,9092.0,9188.0,9945.0,9945.0,10067.0,10023.0,21276.0,21447.0,20162.0,20214.0,21498.0,21159.0,21159.0,21163.0,21072.0,20736.0,20899.0,19888.0,19554.0,20065.0,20065.0,20875.0,20942.0,20866.0,20284.0,20576.0,20541.0,20541.0,20792.0,20314.0,20316.0,20244.0,18707.0,48277.0,71502.0,71502.0,71369.0,71366.0,67404.0,67409.0,66911.0,66834.0,66834.0,66899.0,67053.0,71259.0,70738.0,70831.0,70831.0,60298.0,70412.0,70509.0,70579.0,70579.0,70579.0,70579.0,70579.0,70579.0,71261.0,70986.0,84069.0,83550.0,83550.0,83541.0,83837.0,83831.0,83970.0,83885.0,99983.0,99983.0,101044.0,101044.0,47870.0,47836.0,47812.0,47812.0,47258.0,49758.0,50435.0,50435.0,50435.0,50486.0,45543.0,45896.0,45754.0,46436.0,35308.0,36601.0,36606.0,36606.0,36606.0,36606.0,36606.0,36606.0,37189.0,37409.0,24125.0,24105.0,24577.0,34671.0,38727.0,38942.0,38868.0,37484.0,23629.0,22345.0,23345.0,23348.0,23324.0,23290.0,23290.0,23290.0,19148.0,18734.0,17734.0,15526.0,15578.0,15594.0,15626.0,15637.0,15704.0,15704.0,15569.0,15715.0,15717.0,15717.0,14717.0,14717.0,14659.0
방직천,32595.0,32666.0,32328.0,32328.0,32007.0,25268.0,25269.0,5983.0,5764.0,7133.0,6065.0,4718.0,5028.0,5169.0,5128.0,5128.0,5355.0,7409.0,10534.0,12331.0,11950.0,10789.0,10776.0,10907.0,10907.0,10907.0,10897.0,10902.0,10704.0,7769.0,1002.0,1006.0,1006.0,1166.0,21563.0,20218.0,931.0,5707.0,5819.0,5819.0,9206.0,9286.0,27913.0,28069.0,28287.0,27306.0,29310.0,29388.0,29047.0,21784.0,24513.0,23509.0,23471.0,22778.0,22778.0,22743.0,23769.0,24162.0,23872.0,23299.0,23299.0,23717.0,28514.0,28624.0,29210.0,29169.0,29214.0,26963.0,26512.0,28659.0,25409.0,24956.0,24324.0,25264.0,24898.0,25246.0,24986.0,25100.0,25463.0,24497.0,32004.0,53958.0,53700.0,43383.0,42728.0,42354.0,42325.0,42325.0,42710.0,41943.0,30758.0,30448.0,29216.0,29428.0,29191.0,29505.0,30695.0,28985.0,35982.0,35248.0,2465.0,3241.0,3241.0,3294.0,3294.0,3294.0,50311.0,50422.0,50081.0,49761.0,50712.0,50347.0,49898.0,49005.0,49535.0,35509.0,36234.0,36254.0,36246.0,36292.0,36927.0,36929.0,1301.0,17448.0,19150.0,2029.0,3050.0,4968.0,4973.0,5501.0,7359.0,7040.0,5100.0,10593.0,10474.0,28882.0,28835.0,28864.0,28974.0,28972.0,29009.0
실질적 소고기,60885.0,61059.0,60287.0,60287.0,60359.0,60235.0,60875.0,45455.0,47786.0,49668.0,4147.0,5943.0,9184.0,48496.0,48559.0,48559.0,49157.0,52045.0,74466.0,67535.0,60945.0,63428.0,62758.0,63927.0,63927.0,69721.0,70185.0,70516.0,74526.0,79156.0,78449.0,80084.0,80084.0,81982.0,70567.0,73578.0,74796.0,77798.0,76290.0,76290.0,77854.0,70278.0,78428.0,78582.0,71233.0,71450.0,71301.0,70988.0,71027.0,75663.0,75849.0,80805.0,76220.0,80015.0,80015.0,81973.0,42152.0,49925.0,42684.0,32396.0,32396.0,16273.0,18862.0,480.0,932.0,296.0,563.0,830.0,873.0,2137.0,4928.0,7093.0,6792.0,5894.0,7031.0,8813.0,8929.0,10614.0,15170.0,14717.0,14468.0,14950.0,15656.0,15632.0,15494.0,15406.0,14490.0,14490.0,6477.0,60467.0,60541.0,61801.0,58433.0,58564.0,60557.0,94991.0,95918.0,97215.0,83962.0,84260.0,83751.0,83795.0,83795.0,84354.0,84354.0,84354.0,83501.0,72033.0,72360.0,73726.0,75824.0,55491.0,56648.0,57978.0,59219.0,59376.0,60524.0,60864.0,61700.0,61762.0,63444.0,62480.0,62738.0,63212.0,64896.0,35158.0,36554.0,42334.0,42462.0,63886.0,34690.0,50299.0,54331.0,56628.0,30466.0,30810.0,33124.0,33209.0,32856.0,33046.0,33876.0
비단 옷감,59939.0,60053.0,60053.0,60053.0,33829.0,33792.0,18323.0,17279.0,81676.0,82521.0,82532.0,74754.0,74825.0,74913.0,75428.0,75428.0,75889.0,76031.0,94972.0,102809.0,102560.0,102605.0,102608.0,105788.0,105788.0,96682.0,95715.0,95715.0,95711.0,96019.0,96414.0,95935.0,95935.0,96742.0,96375.0,96449.0,96243.0,96475.0,96439.0,96439.0,95710.0,95961.0,94389.0,105026.0,105028.0,131436.0,132438.0,127582.0,128079.0,128180.0,70528.0,71268.0,71452.0,70872.0,70872.0,69086.0,71788.0,71249.0,71724.0,72973.0,72973.0,54718.0,52355.0,56167.0,61153.0,61434.0,58614.0,58614.0,58616.0,58664.0,59358.0,59286.0,60238.0,59966.0,61900.0,61971.0,62127.0,62437.0,63075.0,63316.0,64909.0,64480.0,54506.0,58720.0,32651.0,32685.0,32644.0,32644.0,31871.0,33090.0,33746.0,33776.0,33942.0,33950.0,34098.0,33921.0,33925.0,34105.0,22558.0,18723.0,13865.0,13544.0,13544.0,13544.0,13544.0,13544.0,13867.0,13984.0,12182.0,11944.0,5855.0,6816.0,7067.0,6795.0,6603.0,7659.0,7029.0,5975.0,5147.0,5246.0,6255.0,6341.0,6423.0,162.0,1156.0,1462.0,1553.0,2041.0,2090.0,2096.0,1747.0,1790.0,1678.0,1103.0,1250.0,1274.0,1560.0,1560.0,1560.0,1560.0,1560.0
진균꽃,52115.0,51885.0,51866.0,51866.0,53449.0,71063.0,71124.0,45163.0,39954.0,42479.0,42410.0,20463.0,23925.0,17512.0,18253.0,18253.0,12503.0,20633.0,21223.0,27303.0,21334.0,22315.0,11356.0,11437.0,11437.0,11590.0,4924.0,5515.0,10042.0,14130.0,12173.0,11633.0,11633.0,12248.0,10644.0,4818.0,6439.0,22183.0,7390.0,7390.0,8549.0,9561.0,9947.0,9005.0,10252.0,10928.0,10809.0,10885.0,10663.0,4847.0,11283.0,11478.0,1999.0,4253.0,4253.0,7299.0,10116.0,6697.0,10475.0,7813.0,7813.0,8430.0,9563.0,9177.0,8950.0,8419.0,8709.0,8778.0,9372.0,9117.0,12497.0,3180.0,5882.0,10503.0,12065.0,11810.0,12650.0,14873.0,3448.0,3912.0,7120.0,8600.0,8552.0,8606.0,8720.0,8267.0,8277.0,8277.0,8388.0,7763.0,8828.0,9712.0,12562.0,15629.0,9630.0,11110.0,9861.0,7131.0,9049.0,9005.0,486.0,1184.0,1184.0,1910.0,1910.0,1910.0,9106.0,4058.0,5139.0,3859.0,13962.0,11660.0,14332.0,17505.0,18098.0,20882.0,18754.0,19939.0,18598.0,19009.0,25320.0,21225.0,1550.0,11670.0,11689.0,5250.0,6618.0,16195.0,19059.0,20413.0,16836.0,14838.0,21814.0,22646.0,19026.0,19066.0,20073.0,18384.0,18547.0,18643.0,19375.0
소분된 스테이크,49372.0,49372.0,49372.0,49372.0,49372.0,49372.0,49372.0,49231.0,47571.0,40050.0,11000.0,10999.0,10978.0,41074.0,41228.0,41228.0,39736.0,40467.0,40552.0,40297.0,40062.0,39481.0,39504.0,38923.0,38923.0,38923.0,38701.0,38701.0,44552.0,45833.0,45457.0,44545.0,44545.0,44354.0,44786.0,44801.0,44539.0,54213.0,54217.0,54217.0,48906.0,48906.0,48491.0,48506.0,48706.0,48706.0,48706.0,48706.0,48806.0,48518.0,48491.0,49784.0,49784.0,50897.0,50897.0,49910.0,19747.0,50390.0,41924.0,43693.0,43693.0,43837.0,41919.0,40817.0,40818.0,40787.0,40785.0,40785.0,40785.0,40798.0,40798.0,41048.0,41081.0,41115.0,42268.0,42138.0,40284.0,31838.0,22404.0,19681.0,20293.0,20293.0,19764.0,20264.0,19054.0,19054.0,19162.0,19162.0,18860.0,27343.0,28009.0,28009.0,27978.0,28006.0,34104.0,42069.0,42049.0,45824.0,45844.0,42264.0,41383.0,41383.0,41383.0,41383.0,41383.0,41383.0,44995.0,45148.0,45178.0,45155.0,45353.0,45859.0,45534.0,45515.0,53342.0,54577.0,55651.0,55073.0,55302.0,55302.0,55894.0,55893.0,55893.0,54739.0,35822.0,36540.0,36550.0,55134.0,54645.0,39532.0,32314.0,22447.0,18536.0,18655.0,18170.0,18184.0,17904.0,17885.0,17885.0,17885.0,18571.0
마법 옷감,48024.0,47959.0,47959.0,47959.0,47923.0,47924.0,47924.0,48029.0,42390.0,42050.0,40806.0,16177.0,3438.0,3488.0,3790.0,3790.0,3418.0,3573.0,3589.0,2773.0,2773.0,21989.0,17168.0,17168.0,17168.0,1000.0,1006.0,1006.0,1141.0,1899.0,2229.0,2427.0,2427.0,2843.0,2763.0,3083.0,3157.0,3221.0,3647.0,3647.0,3176.0,3155.0,3215.0,2773.0,2773.0,16589.0,16675.0,16675.0,16975.0,17339.0,14044.0,13700.0,13779.0,13837.0,13837.0,15184.0,15631.0,19662.0,19759.0,16290.0,16290.0,16173.0,16177.0,15139.0,15577.0,16032.0,16198.0,16198.0,16194.0,16194.0,16388.0,15462.0,14936.0,14930.0,14671.0,14720.0,15760.0,16056.0,16265.0,16362.0,39498.0,37759.0,37785.0,35831.0,22317.0,22396.0,22560.0,22560.0,22022.0,21967.0,26608.0,26609.0,26853.0,26359.0,26475.0,26281.0,20994.0,23464.0,20645.0,21077.0,21282.0,21282.0,21282.0,21282.0,21282.0,21282.0,21320.0,21490.0,21421.0,21313.0,24564.0,24549.0,21623.0,21388.0,21547.0,23503.0,2465.0,2719.0,3744.0,2442.0,6859.0,6874.0,6882.0,6739.0,6717.0,6903.0,6927.0,7816.0,7797.0,7811.0,7799.0,8159.0,7540.0,7537.0,7562.0,6531.0,6907.0,6981.0,7053.0,7053.0,7038.0
파도안개 리넨,46568.0,46578.0,46578.0,46578.0,46568.0,47265.0,41035.0,41079.0,98633.0,98724.0,98743.0,61131.0,61512.0,61705.0,61690.0,61690.0,60495.0,60333.0,60349.0,60355.0,60175.0,60333.0,60344.0,60344.0,60344.0,60346.0,59649.0,60317.0,58638.0,58422.0,58992.0,59331.0,59331.0,59651.0,60537.0,59264.0,59330.0,59271.0,59185.0,59185.0,59862.0,60613.0,65972.0,83250.0,88385.0,89271.0,98835.0,98870.0,98926.0,101678.0,41022.0,32543.0,32655.0,32759.0,32759.0,32979.0,33069.0,33786.0,33849.0,32255.0,32255.0,32484.0,60975.0,61162.0,61251.0,61059.0,61062.0,61104.0,61104.0,61107.0,62263.0,63519.0,70493.0,70703.0,70735.0,71032.0,72009.0,71576.0,71820.0,71938.0,74081.0,65444.0,49518.0,45313.0,42464.0,42447.0,42445.0,42445.0,42464.0,40674.0,41677.0,41591.0,39820.0,39776.0,39767.0,39890.0,39925.0,41701.0,11260.0,11351.0,11377.0,11424.0,11424.0,11492.0,11492.0,11492.0,11778.0,11835.0,2230.0,2210.0,1959.0,1636.0,1563.0,1842.0,1827.0,2192.0,2758.0,2785.0,2936.0,3666.0,3666.0,4305.0,4344.0,9.0,,1.0,480.0,1804.0,1891.0,2991.0,3626.0,4286.0,2905.0,17.0,,,143.0,170.0,183.0,3.0,17.0
양념한 저장육,42443.0,42443.0,42495.0,42495.0,42495.0,42443.0,42443.0,42545.0,42249.0,42489.0,10661.0,10703.0,10704.0,40333.0,40566.0,40566.0,31303.0,31085.0,31119.0,31332.0,31444.0,32058.0,32072.0,32122.0,32122.0,32122.0,32122.0,32122.0,37618.0,36375.0,30984.0,31091.0,31091.0,30984.0,30806.0,31358.0,31357.0,31240.0,31263.0,31263.0,31290.0,31647.0,31232.0,31258.0,31163.0,31192.0,30793.0,30793.0,30793.0,39661.0,37299.0,37294.0,37493.0,37493.0,37493.0,36894.0,9993.0,28788.0,18796.0,20763.0,20763.0,20763.0,20788.0,20744.0,20744.0,20614.0,20614.0,20614.0,20614.0,20655.0,20655.0,20736.0,20740.0,20644.0,20633.0,20668.0,20708.0,20579.0,21511.0,21515.0,21603.0,21600.0,21617.0,21549.0,21549.0,21549.0,21549.0,21549.0,10611.0,33973.0,34319.0,34135.0,34135.0,34027.0,42147.0,54669.0,54630.0,54736.0,54336.0,54600.0,52919.0,52919.0,52919.0,52919.0,52919.0,52919.0,53846.0,53972.0,54014.0,54014.0,54058.0,54266.0,54228.0,54247.0,54267.0,53557.0,52972.0,52976.0,52988.0,52988.0,53581.0,53580.0,53580.0,54911.0,31482.0,31542.0,31542.0,56861.0,56752.0,39821.0,21134.0,21381.0,21676.0,21693.0,21247.0,21247.0,21293.0,21291.0,21291.0,21247.0,21247.0
순철 광석,41917.0,41762.0,41815.0,41815.0,41812.0,41812.0,41812.0,42025.0,65722.0,67931.0,68147.0,63147.0,63221.0,64282.0,64226.0,64226.0,64149.0,66577.0,68714.0,68373.0,68423.0,68726.0,68533.0,68528.0,68528.0,68031.0,71912.0,72250.0,71374.0,67878.0,55375.0,52504.0,52504.0,52125.0,39859.0,39673.0,39673.0,38740.0,38790.0,38790.0,39736.0,39682.0,44526.0,44082.0,44073.0,43767.0,42767.0,42749.0,42749.0,40584.0,17861.0,18077.0,18566.0,19148.0,19148.0,19133.0,18722.0,26935.0,27180.0,25430.0,25430.0,17900.0,17800.0,17842.0,17605.0,17605.0,17478.0,17478.0,16881.0,16881.0,16852.0,17055.0,24711.0,28298.0,28304.0,29311.0,30606.0,30440.0,28479.0,30211.0,30183.0,22373.0,22403.0,21402.0,22689.0,22689.0,22689.0,22689.0,23711.0,24323.0,25216.0,26266.0,26822.0,26827.0,16943.0,16906.0,17102.0,17759.0,15002.0,15957.0,15004.0,14913.0,14913.0,14913.0,14913.0,14913.0,15112.0,13984.0,6234.0,4319.0,7677.0,7472.0,16272.0,24947.0,24868.0,24534.0,24786.0,24845.0,24841.0,24771.0,25050.0,25028.0,24870.0,23860.0,33835.0,23865.0,23602.0,22150.0,22150.0,22160.0,22478.0,22503.0,21576.0,21577.0,21577.0,23051.0,23051.0,22952.0,22762.0,22776.0,21966.0
호화로운 모피,41239.0,41283.0,40987.0,40987.0,32298.0,32598.0,20139.0,19934.0,20980.0,21675.0,21710.0,10728.0,11421.0,11318.0,11539.0,11539.0,11083.0,9131.0,19903.0,20033.0,16714.0,16976.0,16980.0,15578.0,15578.0,16476.0,16477.0,16568.0,19088.0,18511.0,23552.0,23854.0,23854.0,25044.0,19913.0,20436.0,19013.0,18999.0,19546.0,19546.0,19571.0,22341.0,22366.0,22179.0,19415.0,19407.0,28149.0,18683.0,18683.0,17933.0,18647.0,17611.0,18001.0,17569.0,17569.0,17193.0,18212.0,18492.0,20132.0,21822.0,21822.0,10987.0,10344.0,10146.0,10177.0,10217.0,10614.0,10264.0,10263.0,9951.0,8799.0,8776.0,4749.0,3726.0,4726.0,3685.0,8226.0,8848.0,11403.0,9362.0,7896.0,8348.0,8350.0,8574.0,8202.0,8202.0,8202.0,8202.0,9309.0,7478.0,6474.0,7684.0,6963.0,6204.0,6211.0,6026.0,7027.0,7051.0,14335.0,15809.0,16661.0,16461.0,16461.0,16468.0,16468.0,16468.0,16620.0,14674.0,14396.0,13390.0,14318.0,15320.0,15384.0,13451.0,14106.0,13188.0,11035.0,11044.0,11165.0,11165.0,12247.0,12247.0,12181.0,11982.0,13723.0,14419.0,12065.0,21184.0,21183.0,20541.0,22549.0,22575.0,21637.0,16612.0,16098.0,16418.0,16426.0,16426.0,16333.0,16333.0,17059.0
창천석,34109.0,34109.0,26902.0,26902.0,21193.0,21193.0,13171.0,21171.0,24628.0,24723.0,12348.0,12348.0,12348.0,12453.0,12453.0,12453.0,19840.0,29146.0,35346.0,35346.0,35346.0,35349.0,35349.0,35349.0,35349.0,35349.0,35349.0,35349.0,35369.0,35670.0,35970.0,35773.0,35773.0,35478.0,35821.0,35596.0,35596.0,35478.0,35478.0,35478.0,36251.0,36313.0,45313.0,46313.0,51335.0,51335.0,51044.0,56044.0,56044.0,48044.0,43784.0,42912.0,43052.0,43052.0,43052.0,43055.0,43455.0,43455.0,44459.0,35224.0,35224.0,21496.0,42566.0,64898.0,64895.0,64898.0,64898.0,64898.0,64898.0,64898.0,65278.0,62485.0,98348.0,98566.0,98566.0,98566.0,98486.0,98486.0,98369.0,99354.0,99248.0,91033.0,90148.0,85126.0,85126.0,80126.0,80126.0,80126.0,80143.0,80671.0,95399.0,96599.0,96999.0,97884.0,97884.0,97884.0,97865.0,97769.0,75962.0,53536.0,53536.0,53536.0,53536.0,53536.0,53536.0,53536.0,53659.0,53659.0,17996.0,17995.0,18016.0,18016.0,18574.0,21756.0,21750.0,21750.0,21756.0,20971.0,20977.0,20999.0,20999.0,20421.0,20410.0,20210.0,19510.0,5220.0,5020.0,3832.0,3634.0,3946.0,4031.0,4031.0,4031.0,3911.0,3911.0,3746.0,3256.0,3256.0,3209.0,3209.0,3229.0
탄력 있는 가죽,34475.0,34475.0,34475.0,34475.0,33475.0,33475.0,7453.0,7455.0,12740.0,12719.0,12834.0,12156.0,12156.0,15371.0,15581.0,15581.0,17276.0,16777.0,19663.0,17411.0,17377.0,17377.0,17265.0,17265.0,17265.0,17265.0,17265.0,17265.0,14242.0,14221.0,11221.0,14221.0,14221.0,14221.0,14221.0,14751.0,14751.0,15021.0,15021.0,15021.0,15017.0,15011.0,15088.0,15088.0,15088.0,15088.0,15088.0,15089.0,15089.0,15518.0,12583.0,12584.0,12581.0,12693.0,12693.0,12680.0,9796.0,10039.0,8613.0,11617.0,11617.0,8617.0,8582.0,8582.0,8582.0,8589.0,8477.0,8477.0,11476.0,11495.0,14284.0,14088.0,14125.0,11268.0,11266.0,10668.0,13757.0,13757.0,13395.0,13394.0,16218.0,16133.0,16132.0,16020.0,16020.0,16020.0,16001.0,16001.0,15511.0,15511.0,15565.0,15690.0,18694.0,19315.0,19083.0,19086.0,19086.0,16086.0,15984.0,18984.0,18875.0,18981.0,18981.0,18981.0,18981.0,18981.0,13935.0,13935.0,13845.0,13840.0,13836.0,13855.0,10874.0,13870.0,13890.0,13897.0,11253.0,11253.0,11237.0,11237.0,11237.0,19237.0,19237.0,19255.0,19188.0,19190.0,19190.0,16191.0,14852.0,14852.0,14860.0,14842.0,14845.0,14963.0,11963.0,11963.0,11963.0,11963.0,11963.0,11873.0,6873.0
바람의 휘발물,33486.0,33496.0,33511.0,33511.0,33511.0,33511.0,33496.0,33526.0,33483.0,970.0,955.0,33236.0,33435.0,33701.0,33716.0,33716.0,33886.0,33727.0,34033.0,34064.0,33536.0,33552.0,33047.0,32996.0,32996.0,32956.0,32961.0,32965.0,33021.0,33125.0,33131.0,33113.0,33113.0,33695.0,33732.0,33821.0,33875.0,34110.0,34370.0,34370.0,34299.0,34303.0,40340.0,40263.0,40307.0,40296.0,40311.0,40317.0,40315.0,40342.0,40236.0,40277.0,40307.0,40269.0,40269.0,40071.0,1266.0,1251.0,1519.0,1586.0,1586.0,1592.0,1622.0,1632.0,1669.0,1664.0,1566.0,1566.0,1566.0,1572.0,1508.0,1528.0,1403.0,819.0,631.0,637.0,601.0,675.0,510.0,445.0,7166.0,7194.0,7396.0,7316.0,7315.0,7297.0,7300.0,7300.0,7262.0,736.0,7274.0,939.0,2153.0,2551.0,2575.0,2424.0,2441.0,2492.0,2471.0,2484.0,2475.0,2852.0,2852.0,2812.0,2812.0,2812.0,3213.0,3166.0,3545.0,3559.0,3543.0,3567.0,3397.0,2826.0,2765.0,2776.0,2713.0,9170.0,8874.0,9212.0,9478.0,9484.0,9500.0,10408.0,10634.0,11142.0,10463.0,9740.0,9467.0,9683.0,9699.0,8675.0,8729.0,8751.0,8588.0,8544.0,8415.0,8057.0,8027.0,8027.0,8027.0
경계의 횃불,32098.0,32103.0,32103.0,32103.0,31567.0,31553.0,2044.0,1837.0,6334.0,6262.0,2538.0,1496.0,1456.0,2498.0,2509.0,2509.0,3211.0,3207.0,3204.0,3831.0,3844.0,3221.0,3221.0,3221.0,3221.0,3220.0,2180.0,2175.0,2174.0,1905.0,2089.0,1351.0,1351.0,1553.0,1547.0,1769.0,1762.0,1788.0,1777.0,1777.0,1781.0,2566.0,2591.0,4227.0,26490.0,26490.0,26290.0,26290.0,21949.0,23167.0,22865.0,22874.0,22762.0,22557.0,22557.0,23284.0,23284.0,23492.0,23426.0,23426.0,23426.0,23537.0,23537.0,23537.0,27383.0,27383.0,27242.0,27242.0,27242.0,27242.0,26230.0,26138.0,26422.0,26666.0,27008.0,27442.0,27461.0,27454.0,27442.0,27314.0,26850.0,26850.0,24346.0,6624.0,6682.0,6682.0,6688.0,6688.0,6373.0,5454.0,5448.0,5448.0,5183.0,5194.0,5189.0,5211.0,5183.0,5190.0,5170.0,5673.0,1868.0,1868.0,1868.0,1868.0,1868.0,1868.0,2121.0,2007.0,964.0,959.0,850.0,5105.0,5013.0,5010.0,4986.0,4500.0,4829.0,4833.0,16641.0,16541.0,16713.0,16713.0,16843.0,16838.0,17103.0,16756.0,16703.0,17045.0,17069.0,16747.0,16753.0,16725.0,16722.0,16931.0,16928.0,5258.0,5263.0,5253.0,5253.0,5257.0,5257.0
무한의 가루,30936.0,30971.0,30971.0,30971.0,28712.0,28715.0,20350.0,16132.0,16039.0,15918.0,15959.0,11362.0,10174.0,10008.0,7616.0,7616.0,6560.0,6546.0,6378.0,6379.0,6409.0,1843.0,1843.0,1850.0,1850.0,1818.0,1888.0,1872.0,1027.0,1124.0,978.0,1016.0,1016.0,970.0,932.0,797.0,641.0,816.0,1005.0,1005.0,1392.0,1223.0,1032.0,3955.0,3752.0,54393.0,54393.0,54393.0,54390.0,54417.0,54423.0,54523.0,53456.0,53464.0,53464.0,3613.0,3607.0,3612.0,3695.0,3585.0,3585.0,3787.0,3766.0,3826.0,895.0,1895.0,1895.0,1895.0,1895.0,1895.0,1815.0,4894.0,4894.0,4693.0,4700.0,4975.0,4949.0,4741.0,4901.0,4697.0,4722.0,5910.0,5910.0,5980.0,5980.0,55829.0,55829.0,55829.0,55712.0,55620.0,5326.0,3544.0,3717.0,3729.0,3731.0,3907.0,3907.0,3907.0,3293.0,3151.0,3127.0,3119.0,3119.0,2943.0,2943.0,2943.0,3052.0,4888.0,4718.0,4718.0,4761.0,4761.0,4774.0,7659.0,7697.0,7732.0,7733.0,7732.0,7732.0,7677.0,8142.0,8142.0,8142.0,8142.0,8477.0,9009.0,9015.0,8947.0,10875.0,11220.0,8531.0,8274.0,7705.0,7716.0,7716.0,7716.0,7716.0,7716.0,7716.0,61690.0,61547.0
피어나는 영광,27081.0,27081.0,27081.0,27081.0,25081.0,25081.0,9081.0,9080.0,14832.0,13806.0,13960.0,8008.0,7994.0,8001.0,8002.0,8002.0,8018.0,8241.0,11197.0,11174.0,11193.0,10987.0,10976.0,10976.0,10976.0,10976.0,10969.0,10999.0,11001.0,10345.0,10289.0,9637.0,9637.0,10207.0,10432.0,10438.0,10438.0,10164.0,10166.0,10166.0,10153.0,11003.0,10439.0,13732.0,17732.0,18177.0,17952.0,17952.0,17968.0,18048.0,12448.0,12471.0,12471.0,12456.0,12456.0,12456.0,13283.0,13284.0,13250.0,13250.0,13250.0,10874.0,10865.0,10837.0,11192.0,11192.0,11210.0,11210.0,11410.0,11410.0,17070.0,16582.0,16566.0,17618.0,17645.0,17231.0,17859.0,17859.0,18319.0,18321.0,17505.0,17499.0,14206.0,11041.0,10013.0,9182.0,8585.0,8585.0,8074.0,9810.0,10479.0,10475.0,9421.0,9412.0,9751.0,9806.0,9813.0,9813.0,9634.0,9923.0,9699.0,9699.0,9699.0,9714.0,9714.0,9714.0,4894.0,4469.0,4471.0,4876.0,8863.0,8873.0,8845.0,9847.0,9811.0,10401.0,10732.0,10732.0,14578.0,15003.0,15075.0,15075.0,15075.0,14494.0,13599.0,12909.0,12912.0,12867.0,12879.0,12548.0,11498.0,11963.0,11949.0,12636.0,12365.0,7304.0,7189.0,7189.0,7187.0,7187.0,7187.0
폭풍 가루,26077.0,22038.0,23321.0,23321.0,23142.0,21868.0,21859.0,17548.0,24113.0,27212.0,25449.0,24130.0,25431.0,24647.0,23412.0,23412.0,14038.0,22995.0,34772.0,32863.0,38739.0,28161.0,30695.0,29115.0,29115.0,29344.0,28344.0,27808.0,30529.0,19824.0,19994.0,34491.0,34491.0,29141.0,29154.0,28378.0,26063.0,20374.0,18969.0,18969.0,17139.0,20512.0,19885.0,13782.0,12339.0,12979.0,9142.0,9085.0,8485.0,8605.0,7134.0,334.0,5597.0,6019.0,6019.0,10268.0,12226.0,13906.0,5616.0,5580.0,5580.0,5635.0,5949.0,5647.0,5592.0,4845.0,4514.0,4271.0,4192.0,4164.0,4120.0,1865.0,524.0,831.0,472.0,1159.0,971.0,1682.0,3181.0,3783.0,8527.0,7399.0,2516.0,2393.0,2414.0,2403.0,1685.0,1685.0,388.0,376.0,383.0,552.0,582.0,433.0,524.0,532.0,1817.0,300.0,3254.0,1432.0,442.0,374.0,374.0,374.0,374.0,374.0,630.0,537.0,981.0,848.0,870.0,1721.0,1686.0,1424.0,1575.0,2311.0,5028.0,5132.0,5127.0,4164.0,4471.0,4493.0,3771.0,4254.0,6555.0,2100.0,2475.0,1372.0,1797.0,1833.0,1877.0,1346.0,13443.0,13621.0,3121.0,3772.0,3663.0,3716.0,3805.0,4893.0,4687.0
견고한 암석,26294.0,26306.0,26306.0,26306.0,18549.0,13906.0,13903.0,13124.0,12957.0,13206.0,6602.0,2414.0,2379.0,2371.0,2386.0,2386.0,2069.0,2163.0,2833.0,3113.0,3108.0,3660.0,3709.0,3390.0,3390.0,3399.0,3399.0,3417.0,3638.0,3669.0,3432.0,3653.0,3653.0,3415.0,3378.0,3168.0,3005.0,3415.0,3465.0,3465.0,3541.0,3579.0,3308.0,3627.0,3630.0,3632.0,3832.0,3835.0,3940.0,4047.0,2827.0,2454.0,1862.0,1885.0,1885.0,2162.0,3219.0,4979.0,4537.0,3402.0,3402.0,3411.0,3576.0,3547.0,3985.0,3876.0,4085.0,4085.0,4085.0,4094.0,3632.0,3841.0,26110.0,26228.0,24875.0,25157.0,19268.0,19778.0,20445.0,20450.0,21061.0,21417.0,21545.0,21615.0,21615.0,21434.0,21437.0,21437.0,21241.0,20702.0,20515.0,20515.0,20701.0,19834.0,17271.0,17221.0,18611.0,18784.0,19694.0,19717.0,18839.0,18944.0,18944.0,18944.0,18944.0,18944.0,24920.0,24667.0,3737.0,3737.0,3990.0,32149.0,35610.0,33600.0,33612.0,33563.0,33584.0,33621.0,33739.0,33756.0,35835.0,35835.0,35776.0,37801.0,44304.0,44221.0,44425.0,44444.0,44506.0,44735.0,44758.0,44786.0,44310.0,44426.0,44239.0,42000.0,41810.0,42005.0,41824.0,41803.0,41803.0
황천매듭 옷감,,,,,25390.0,23166.0,23065.0,23025.0,5475.0,7270.0,7205.0,7744.0,9379.0,10052.0,11379.0,11379.0,8731.0,9217.0,8489.0,9493.0,10394.0,10516.0,10615.0,11161.0,11161.0,11161.0,11281.0,11398.0,11980.0,19339.0,19477.0,20484.0,20484.0,22413.0,23015.0,20464.0,10678.0,11125.0,11322.0,11322.0,13601.0,14435.0,15023.0,15896.0,16011.0,14665.0,12058.0,12058.0,12058.0,13761.0,12379.0,13750.0,14972.0,16274.0,16274.0,17478.0,17407.0,17438.0,3161.0,4471.0,4471.0,8122.0,4983.0,3019.0,3553.0,3431.0,3429.0,3429.0,1071.0,1711.0,1476.0,4931.0,8288.0,10565.0,12447.0,15607.0,16316.0,18698.0,21239.0,22311.0,41822.0,42059.0,42188.0,42188.0,42592.0,45369.0,45557.0,45557.0,44898.0,42324.0,42304.0,42325.0,41970.0,41982.0,42756.0,45920.0,44049.0,51632.0,55069.0,57016.0,58170.0,57914.0,57914.0,57914.0,57914.0,57914.0,54140.0,52171.0,50059.0,50114.0,46876.0,44849.0,46399.0,43653.0,43640.0,41436.0,30204.0,29142.0,26894.0,27893.0,25794.0,25794.0,25854.0,24890.0,24101.0,24133.0,24108.0,19166.0,18932.0,18708.0,17477.0,16834.0,16899.0,16060.0,15613.0,16355.0,16502.0,16434.0,16434.0,16350.0,14271.0
드레나이 가루,,,,,25235.0,25242.0,4175.0,4037.0,4636.0,4636.0,5154.0,5164.0,5636.0,5907.0,6279.0,6279.0,6678.0,4341.0,5443.0,4229.0,4181.0,4177.0,3656.0,3656.0,3656.0,3698.0,3698.0,3697.0,3607.0,5059.0,5698.0,5696.0,5696.0,6801.0,6689.0,6483.0,6125.0,6193.0,5370.0,5370.0,5342.0,5369.0,6227.0,5283.0,5283.0,5285.0,5285.0,5285.0,5285.0,5694.0,5844.0,4794.0,4474.0,4464.0,4464.0,6417.0,6369.0,5976.0,6850.0,6991.0,6991.0,7152.0,4291.0,4066.0,4128.0,4128.0,4128.0,3128.0,3128.0,3125.0,4488.0,4522.0,4522.0,4395.0,2972.0,3355.0,3155.0,3104.0,5182.0,4315.0,5945.0,6309.0,6309.0,6309.0,6309.0,6314.0,6314.0,6314.0,6314.0,4916.0,4779.0,5779.0,5792.0,6099.0,6099.0,4844.0,2438.0,3091.0,1586.0,4168.0,4577.0,4577.0,4577.0,4577.0,4577.0,4577.0,5351.0,5356.0,6399.0,12550.0,12763.0,12763.0,12820.0,13401.0,13403.0,13572.0,13925.0,13725.0,20838.0,20700.0,20900.0,20900.0,20700.0,20731.0,20334.0,22257.0,21680.0,14274.0,14278.0,14485.0,14446.0,21138.0,20461.0,20294.0,20019.0,13510.0,13070.0,12976.0,12976.0,12976.0,14047.0
여명매듭,,,,,,50948.0,50948.0,50962.0,51061.0,51111.0,50917.0,50934.0,51009.0,51012.0,51023.0,51023.0,50559.0,50599.0,51728.0,51737.0,1560.0,1564.0,1465.0,1465.0,1465.0,1465.0,1465.0,1481.0,43.0,62.0,143.0,94.0,94.0,93.0,20587.0,20612.0,20617.0,23393.0,23398.0,23398.0,23401.0,23414.0,24570.0,24585.0,24696.0,24927.0,24696.0,24696.0,24695.0,21941.0,22145.0,22181.0,22178.0,22127.0,22127.0,22093.0,22100.0,22123.0,22155.0,22165.0,22165.0,22142.0,23084.0,23109.0,23119.0,23014.0,23014.0,23016.0,22865.0,22881.0,498.0,270.0,512.0,427.0,426.0,426.0,393.0,364.0,333.0,304.0,23611.0,28020.0,28021.0,28023.0,28013.0,27990.0,27990.0,27990.0,127.0,282.0,323.0,327.0,176.0,134.0,150.0,143.0,141.0,184.0,1285.0,1283.0,202.0,159.0,159.0,159.0,159.0,159.0,1624.0,1733.0,1785.0,1785.0,1826.0,1859.0,1874.0,1776.0,1588.0,1620.0,1632.0,1634.0,1647.0,1647.0,1732.0,1732.0,1757.0,2221.0,2247.0,2192.0,2398.0,1193.0,1187.0,1210.0,1217.0,1208.0,1152.0,2039.0,1997.0,2792.0,2809.0,862.0,866.0,868.0,868.0
황혼매듭,,,,,,34896.0,34896.0,34906.0,35105.0,30004.0,30006.0,30006.0,30108.0,30204.0,30207.0,30207.0,30233.0,30255.0,34912.0,34916.0,30288.0,30253.0,30253.0,30255.0,30255.0,30255.0,468.0,468.0,1023.0,1034.0,44.0,47.0,47.0,56.0,16289.0,16295.0,16299.0,18918.0,18934.0,18934.0,18937.0,18941.0,20036.0,20044.0,20088.0,20088.0,20088.0,20088.0,20088.0,17536.0,17663.0,17668.0,17721.0,17714.0,17714.0,17695.0,17711.0,17756.0,17709.0,17726.0,17726.0,17737.0,18591.0,18609.0,18621.0,18571.0,18571.0,18573.0,18573.0,18209.0,18202.0,23.0,29.0,1003.0,1015.0,1107.0,1327.0,1262.0,1015.0,1015.0,1091.0,5290.0,5299.0,5299.0,4301.0,4301.0,4295.0,4295.0,4294.0,4299.0,123.0,129.0,63.0,58.0,63.0,9.0,15.0,32.0,2107.0,2107.0,2189.0,2089.0,2089.0,2089.0,2089.0,2089.0,3625.0,3629.0,3633.0,3595.0,3583.0,3571.0,3573.0,3617.0,3614.0,2143.0,2268.0,2265.0,2268.0,2268.0,2145.0,2145.0,2130.0,5657.0,3813.0,3934.0,3936.0,3948.0,3936.0,3970.0,3970.0,3982.0,266.0,3100.0,3103.0,5104.0,5129.0,5129.0,5129.0,5129.0,5125.0
심연의 수정,,,,,,,24361.0,23919.0,23919.0,24708.0,24708.0,24708.0,24712.0,59373.0,59231.0,59231.0,59272.0,43272.0,43215.0,43215.0,43233.0,42690.0,42690.0,42690.0,42690.0,42690.0,42690.0,42639.0,44185.0,44189.0,36738.0,36752.0,36752.0,37753.0,37753.0,37759.0,37758.0,37712.0,37726.0,37726.0,37727.0,37727.0,37728.0,37724.0,37723.0,61978.0,62029.0,62029.0,62029.0,62029.0,62031.0,62046.0,61532.0,61531.0,61531.0,52967.0,52970.0,52962.0,52968.0,53027.0,53027.0,53027.0,53028.0,53042.0,53042.0,54331.0,54331.0,54331.0,54331.0,54331.0,53320.0,53317.0,52340.0,51340.0,51574.0,51678.0,51678.0,51718.0,51724.0,51708.0,51799.0,51817.0,51817.0,51819.0,1887.0,60399.0,60399.0,60399.0,60399.0,60399.0,60386.0,60008.0,50622.0,50514.0,50514.0,50544.0,50545.0,50450.0,50352.0,50460.0,50480.0,51019.0,51019.0,51019.0,51019.0,51019.0,60516.0,60515.0,60492.0,60493.0,60230.0,60228.0,60327.0,67500.0,67500.0,67500.0,67431.0,67319.0,67322.0,67271.0,8883.0,8816.0,8826.0,67336.0,67594.0,67527.0,66616.0,65795.0,65371.0,58609.0,57765.0,57768.0,57766.0,58099.0,58099.0,58099.0,58099.0,57556.0,57556.0,57556.0,57556.0
지맥석 광석,,,,,,,22971.0,22961.0,18695.0,19609.0,19016.0,18996.0,18757.0,19253.0,19255.0,19255.0,20394.0,20455.0,22455.0,25142.0,25146.0,25183.0,25212.0,25278.0,25278.0,25277.0,25277.0,25277.0,24903.0,20334.0,20421.0,20777.0,20777.0,20998.0,22019.0,22219.0,22114.0,20825.0,12695.0,12695.0,12669.0,12638.0,13060.0,12069.0,12012.0,12012.0,11684.0,11609.0,11748.0,19699.0,16844.0,12007.0,12139.0,12115.0,12115.0,12215.0,12070.0,12268.0,10676.0,11092.0,11092.0,13023.0,11925.0,11994.0,12158.0,12194.0,12204.0,15474.0,15474.0,22155.0,22166.0,22188.0,21648.0,15492.0,15435.0,15527.0,15053.0,15004.0,16658.0,16175.0,15055.0,15057.0,15124.0,15126.0,15120.0,14840.0,14840.0,14840.0,15240.0,15250.0,15254.0,15254.0,19714.0,20114.0,20114.0,19914.0,19898.0,26589.0,26374.0,23916.0,23615.0,23615.0,23615.0,20349.0,20349.0,20349.0,24083.0,23943.0,22435.0,22435.0,24194.0,23735.0,23857.0,23857.0,23438.0,23272.0,22383.0,22470.0,22453.0,22368.0,25736.0,25736.0,25749.0,25427.0,25430.0,27626.0,27227.0,23637.0,22631.0,22668.0,22636.0,21818.0,17944.0,17956.0,17956.0,16628.0,16553.0,16015.0,15964.0,15964.0,15964.0
아퀴라이트,,,,,,,22376.0,22367.0,21480.0,20918.0,20757.0,22211.0,24651.0,24789.0,24798.0,24798.0,26080.0,17334.0,17708.0,18292.0,16632.0,14624.0,14683.0,14657.0,14657.0,13709.0,14162.0,14484.0,11112.0,10110.0,12983.0,12830.0,12830.0,10114.0,9224.0,10099.0,9208.0,1726.0,4825.0,4825.0,5152.0,6358.0,7158.0,7023.0,6840.0,7159.0,7175.0,7333.0,7347.0,663.0,2721.0,7148.0,7632.0,8521.0,8521.0,9645.0,9963.0,10692.0,9687.0,8999.0,8999.0,9121.0,10502.0,9440.0,9418.0,9470.0,9489.0,9514.0,9291.0,9031.0,10557.0,10326.0,11635.0,11869.0,12037.0,14559.0,8336.0,8382.0,8509.0,8656.0,5678.0,1851.0,1886.0,1928.0,1972.0,2413.0,2990.0,2990.0,2316.0,1901.0,5765.0,5623.0,6413.0,6264.0,7936.0,7655.0,8211.0,7767.0,4295.0,3803.0,3666.0,3823.0,3823.0,3971.0,3971.0,3971.0,2188.0,4292.0,3684.0,3546.0,6778.0,7236.0,6538.0,10486.0,10433.0,6870.0,6863.0,6753.0,6629.0,6679.0,7082.0,7064.0,7064.0,7264.0,8002.0,7968.0,6607.0,6196.0,7045.0,7293.0,8163.0,8534.0,8460.0,9040.0,7525.0,7608.0,9648.0,7280.0,7202.0,7255.0,7447.0
아라소르의 창,,,,,,,,25005.0,24421.0,26074.0,25967.0,25989.0,26127.0,26291.0,26363.0,26363.0,31942.0,30101.0,25458.0,21122.0,20201.0,20269.0,20102.0,19826.0,19826.0,19774.0,21012.0,21036.0,20939.0,20178.0,12631.0,12459.0,12459.0,15813.0,14612.0,14097.0,14229.0,19150.0,19200.0,19200.0,19545.0,5384.0,5777.0,5416.0,6501.0,6625.0,6619.0,2116.0,2240.0,2836.0,3678.0,9378.0,9627.0,9624.0,9624.0,7483.0,7540.0,5253.0,4303.0,4595.0,4595.0,9362.0,10103.0,10037.0,8046.0,7796.0,7826.0,7779.0,7780.0,7830.0,6320.0,6188.0,11146.0,8085.0,9266.0,12280.0,17596.0,18353.0,17294.0,17103.0,10273.0,9862.0,9230.0,9239.0,9971.0,9498.0,8159.0,8159.0,7805.0,26391.0,30412.0,29429.0,24911.0,26301.0,26061.0,27229.0,25342.0,30104.0,7617.0,10375.0,11733.0,11749.0,11749.0,11941.0,11941.0,11941.0,20414.0,22475.0,16405.0,16302.0,22631.0,25642.0,25051.0,25110.0,24877.0,28524.0,28716.0,27918.0,27770.0,27707.0,23992.0,23736.0,23979.0,28110.0,30158.0,26247.0,24260.0,16894.0,16300.0,16336.0,16933.0,16465.0,9380.0,8460.0,8292.0,6534.0,6627.0,6685.0,6559.0,6647.0,6798.0
레이스트라이트 나사 한 줌,,,,,,,,22123.0,22003.0,21996.0,13002.0,13002.0,13002.0,13002.0,13002.0,13002.0,12999.0,12999.0,3936.0,6065.0,6065.0,6065.0,6055.0,6056.0,6056.0,3956.0,3956.0,3956.0,3956.0,3958.0,3956.0,3956.0,3956.0,3956.0,3956.0,3956.0,2956.0,12957.0,12957.0,12957.0,12952.0,12952.0,2956.0,3090.0,3083.0,3078.0,2956.0,2956.0,2956.0,2956.0,2122.0,2193.0,2195.0,2003.0,2003.0,2005.0,2005.0,2005.0,12001.0,12001.0,12001.0,12001.0,12001.0,12001.0,12001.0,12001.0,12000.0,12000.0,12000.0,12000.0,12023.0,12023.0,12013.0,12000.0,12000.0,12000.0,22008.0,21993.0,21994.0,12013.0,12009.0,12012.0,12005.0,13900.0,13900.0,13900.0,13895.0,13895.0,12000.0,12000.0,12119.0,12119.0,12117.0,12117.0,12000.0,12000.0,12000.0,12000.0,12058.0,12061.0,12061.0,12061.0,12061.0,12061.0,12061.0,12061.0,24056.0,24056.0,24056.0,24056.0,24056.0,24063.0,13062.0,13062.0,13061.0,17599.0,17604.0,17604.0,15712.0,15714.0,15715.0,15723.0,15723.0,15722.0,15715.0,15789.0,15789.0,15624.0,15624.0,15632.0,15632.0,15632.0,15583.0,15552.0,15546.0,15545.0,15545.0,15543.0,15543.0,15543.0,15543.0
리넨 옷감,,,,,,,,,52080.0,57263.0,57491.0,52317.0,53483.0,62152.0,62595.0,62595.0,62270.0,62460.0,63353.0,62152.0,62392.0,113855.0,113859.0,113855.0,113855.0,113135.0,112158.0,112218.0,108159.0,109439.0,115731.0,115758.0,115758.0,116335.0,116168.0,116170.0,115545.0,115650.0,114802.0,114802.0,113558.0,113770.0,114211.0,114371.0,114250.0,185991.0,185991.0,185991.0,186024.0,186145.0,135194.0,129571.0,129826.0,128352.0,128352.0,128591.0,121341.0,121278.0,122109.0,122312.0,122312.0,122351.0,122331.0,137440.0,91958.0,91625.0,91625.0,91658.0,91635.0,96976.0,96647.0,95807.0,190513.0,190055.0,189765.0,189842.0,189638.0,189234.0,190344.0,190227.0,252437.0,252306.0,250786.0,250786.0,180453.0,180458.0,175555.0,175555.0,175027.0,174009.0,174450.0,174476.0,179535.0,179309.0,180050.0,180196.0,180406.0,182138.0,182199.0,164728.0,164082.0,164013.0,164013.0,164027.0,164027.0,164027.0,163703.0,163637.0,68532.0,68534.0,64158.0,64155.0,68936.0,69092.0,67786.0,70863.0,9478.0,9022.0,9157.0,9147.0,9554.0,9504.0,9504.0,10023.0,10218.0,9898.0,8772.0,6017.0,6017.0,6083.0,405.0,1055.0,1323.0,1618.0,1679.0,1703.0,1711.0,1711.0,1795.0,1795.0,1795.0
바람양모 옷감,,,,,,,,,31560.0,29323.0,20252.0,20579.0,21454.0,22336.0,22638.0,22638.0,21857.0,21462.0,21660.0,26541.0,26392.0,26436.0,26438.0,24361.0,24361.0,23824.0,22878.0,22919.0,24119.0,17437.0,17643.0,17932.0,17932.0,17935.0,17941.0,18037.0,17672.0,17811.0,17916.0,17916.0,19335.0,20002.0,18439.0,18577.0,18531.0,18531.0,19995.0,20029.0,20129.0,20230.0,9554.0,9298.0,9781.0,9955.0,9955.0,12863.0,9786.0,9746.0,9809.0,9828.0,9828.0,10849.0,2570.0,2385.0,3170.0,3160.0,3159.0,3022.0,3022.0,3023.0,2231.0,2896.0,2723.0,,2.0,2.0,869.0,948.0,1065.0,662.0,12548.0,13794.0,13950.0,13979.0,14028.0,14028.0,14316.0,14316.0,14396.0,13468.0,14473.0,14473.0,14572.0,14102.0,14482.0,14434.0,14094.0,15308.0,21788.0,21961.0,22063.0,22026.0,22026.0,22026.0,22026.0,22026.0,21389.0,21903.0,21734.0,21918.0,21943.0,21986.0,22332.0,23024.0,21920.0,21860.0,11737.0,12073.0,10728.0,10742.0,10730.0,10608.0,10608.0,10622.0,12291.0,13771.0,11788.0,12319.0,12348.0,12357.0,12419.0,12051.0,11352.0,4852.0,4470.0,4442.0,4432.0,4295.0,4239.0,4239.0,4265.0
조약돌 한 줌,,,,,,,,,,22839.0,15756.0,15853.0,13921.0,14557.0,13641.0,13641.0,14290.0,21392.0,30491.0,19583.0,13244.0,8247.0,17817.0,17956.0,17956.0,13398.0,13398.0,13247.0,18344.0,19249.0,19416.0,19801.0,19801.0,21000.0,21219.0,21365.0,21401.0,21988.0,19714.0,19714.0,19780.0,19975.0,25453.0,25447.0,24393.0,18394.0,18394.0,18394.0,18394.0,19090.0,19517.0,20183.0,23943.0,24641.0,24641.0,25008.0,21888.0,22896.0,24054.0,23987.0,23987.0,16484.0,17728.0,17727.0,24000.0,22854.0,21854.0,16854.0,16854.0,16854.0,10557.0,11046.0,8878.0,8619.0,8619.0,9497.0,12760.0,14504.0,14504.0,15833.0,26076.0,27330.0,27329.0,26329.0,26121.0,25491.0,29420.0,29420.0,26714.0,28909.0,28079.0,25670.0,26085.0,25670.0,25665.0,26791.0,25791.0,24727.0,27001.0,30560.0,29963.0,27163.0,27163.0,27218.0,27218.0,27218.0,30306.0,34911.0,35025.0,34992.0,34923.0,35226.0,32898.0,33838.0,31426.0,32077.0,20504.0,22495.0,22037.0,22037.0,23773.0,23773.0,23773.0,23799.0,21341.0,17695.0,16942.0,15994.0,5183.0,5695.0,6928.0,13873.0,22222.0,22235.0,22378.0,22378.0,22321.0,22321.0,22321.0,22337.0,25732.0
토륨 광석,,,,,,,,,,,27120.0,27123.0,27123.0,26883.0,26045.0,26045.0,20251.0,20578.0,24846.0,24114.0,24114.0,24548.0,24867.0,24867.0,24867.0,24867.0,24867.0,25048.0,25083.0,24865.0,24351.0,24312.0,24312.0,24313.0,21959.0,21959.0,22159.0,21957.0,21941.0,21941.0,22919.0,23690.0,29815.0,30791.0,30791.0,30791.0,30782.0,30882.0,34882.0,34882.0,20725.0,17544.0,17579.0,17579.0,17579.0,17499.0,17933.0,17769.0,19636.0,20649.0,20649.0,20459.0,20660.0,11952.0,14013.0,14115.0,11788.0,11788.0,11788.0,11788.0,11328.0,11740.0,13276.0,12355.0,12355.0,12352.0,12352.0,12603.0,12749.0,13049.0,16507.0,29282.0,28821.0,28822.0,28822.0,28856.0,24856.0,24856.0,24567.0,24743.0,25180.0,25267.0,25805.0,24957.0,26127.0,25913.0,26409.0,26409.0,27402.0,27402.0,24678.0,24678.0,24678.0,24678.0,24678.0,24678.0,25442.0,28990.0,19016.0,19816.0,6146.0,7104.0,15451.0,15641.0,15730.0,15865.0,13917.0,13961.0,13965.0,14065.0,14990.0,14990.0,14988.0,14989.0,15779.0,15636.0,16238.0,15608.0,15967.0,17673.0,,400.0,,8012.0,7989.0,7989.0,650.0,650.0,650.0,650.0,650.0
거대 공룡 뼈,,,,,,,,,,,20992.0,10802.0,10779.0,5864.0,7047.0,7047.0,12955.0,12957.0,12957.0,12616.0,12616.0,12616.0,12616.0,12616.0,12616.0,12616.0,12616.0,12616.0,12987.0,5786.0,12706.0,8257.0,8257.0,8186.0,3009.0,3009.0,3014.0,2992.0,1993.0,1993.0,2987.0,,284.0,313.0,313.0,313.0,313.0,313.0,313.0,313.0,326.0,326.0,326.0,326.0,326.0,326.0,326.0,326.0,10000.0,10000.0,10000.0,10000.0,10021.0,10560.0,10560.0,10560.0,10560.0,10560.0,10560.0,10560.0,10560.0,10560.0,10560.0,10560.0,11048.0,11163.0,11163.0,11416.0,11416.0,11416.0,11501.0,11501.0,11501.0,11501.0,11501.0,11501.0,11501.0,11501.0,11501.0,12847.0,12847.0,12847.0,12996.0,12996.0,12847.0,12847.0,12847.0,12852.0,13784.0,13245.0,13859.0,13859.0,13859.0,13859.0,13859.0,13859.0,14008.0,12662.0,23263.0,23263.0,15601.0,15601.0,12438.0,12491.0,13248.0,13248.0,12990.0,12990.0,12376.0,12376.0,15539.0,15539.0,15539.0,15539.0,15552.0,15552.0,15552.0,15606.0,15606.0,15606.0,18578.0,18069.0,21875.0,10000.0,10000.0,10000.0,10000.0,10000.0,10000.0,10018.0,10018.0
중심로 가루,,,,,,,,,,,20020.0,20384.0,13138.0,13138.0,20400.0,20400.0,20542.0,20894.0,20566.0,18417.0,18417.0,18417.0,18417.0,18417.0,18417.0,18417.0,18417.0,18417.0,18315.0,17617.0,18175.0,18589.0,18589.0,18466.0,18763.0,19253.0,11991.0,14702.0,14683.0,14683.0,14952.0,8336.0,8356.0,8356.0,8366.0,8656.0,8656.0,8342.0,8342.0,8825.0,10438.0,11332.0,11504.0,11504.0,11504.0,10967.0,10951.0,10951.0,6795.0,7550.0,7550.0,6252.0,6262.0,6262.0,6262.0,6262.0,6262.0,6262.0,6102.0,6112.0,5877.0,11886.0,12322.0,11938.0,12961.0,13091.0,14141.0,11841.0,13370.0,13000.0,13237.0,13217.0,13287.0,13287.0,12997.0,12997.0,12867.0,12867.0,11266.0,12676.0,12676.0,13035.0,12079.0,12079.0,11149.0,10989.0,10991.0,11751.0,11761.0,11771.0,11440.0,11395.0,11395.0,11395.0,11395.0,11395.0,11385.0,4385.0,2754.0,2799.0,3308.0,3558.0,10860.0,11591.0,12179.0,11428.0,12178.0,12192.0,12167.0,12047.0,12067.0,12067.0,12399.0,12978.0,13253.0,13309.0,13391.0,13778.0,11778.0,4476.0,4153.0,4588.0,5107.0,5012.0,4782.0,4782.0,4188.0,4188.0,4188.0,4188.0,4188.0
암영 비단,,,,,,,,,,,,19876.0,20036.0,20077.0,19932.0,19932.0,19612.0,19825.0,19823.0,19863.0,2663.0,2745.0,2778.0,2781.0,2781.0,2115.0,2127.0,2159.0,2070.0,2929.0,3870.0,25794.0,25794.0,30887.0,30991.0,31017.0,33961.0,33517.0,33404.0,33404.0,31017.0,31122.0,31784.0,31229.0,26939.0,22014.0,22018.0,22018.0,22018.0,23133.0,23506.0,22130.0,24025.0,23965.0,23965.0,24035.0,23114.0,25182.0,19230.0,19295.0,19295.0,19489.0,19610.0,19400.0,19722.0,19723.0,19432.0,19430.0,20988.0,20986.0,21268.0,21286.0,19005.0,1914.0,2078.0,2196.0,2221.0,2244.0,3429.0,2285.0,3240.0,3276.0,2193.0,2312.0,2350.0,2178.0,2221.0,2221.0,2080.0,2188.0,2227.0,2261.0,19327.0,19330.0,19519.0,18483.0,18688.0,17609.0,18066.0,18103.0,18127.0,18127.0,18127.0,18150.0,18150.0,18150.0,18246.0,18364.0,18718.0,18238.0,18251.0,18290.0,19462.0,19509.0,19329.0,19303.0,19614.0,19580.0,19565.0,19617.0,19773.0,25801.0,25933.0,23746.0,21851.0,21895.0,21925.0,4796.0,5130.0,5104.0,5115.0,4942.0,4830.0,5304.0,5337.0,5370.0,5420.0,5497.0,5488.0,5594.0,41.0
야수 생가죽,,,,,,,,,,,,,19454.0,20720.0,20823.0,20823.0,19200.0,19633.0,20029.0,21066.0,21771.0,21434.0,21434.0,21434.0,21434.0,20434.0,20434.0,20466.0,20976.0,20297.0,19303.0,19452.0,19452.0,21552.0,21807.0,21612.0,21363.0,21318.0,21113.0,21113.0,20367.0,25550.0,25664.0,25716.0,26716.0,26716.0,29600.0,29600.0,29100.0,29151.0,11713.0,11938.0,12450.0,12995.0,12995.0,11910.0,12225.0,12225.0,13661.0,12578.0,12578.0,12577.0,5327.0,6280.0,6358.0,6358.0,7358.0,6860.0,6860.0,6852.0,6789.0,6910.0,7757.0,5859.0,5863.0,6163.0,6164.0,6017.0,13223.0,13694.0,8719.0,9299.0,9299.0,8299.0,7299.0,7300.0,7300.0,7300.0,6406.0,6341.0,6072.0,7260.0,7058.0,6967.0,6762.0,5986.0,5191.0,4003.0,3428.0,8321.0,8232.0,7462.0,7462.0,2049.0,2049.0,2049.0,8946.0,9006.0,9951.0,9331.0,9877.0,9282.0,9282.0,9171.0,9173.0,9038.0,9497.0,4084.0,4124.0,3880.0,4583.0,4583.0,4584.0,3584.0,3621.0,3297.0,3297.0,3121.0,3351.0,3351.0,3351.0,3501.0,3222.0,3149.0,3163.0,3138.0,3138.0,8254.0,8254.0,8262.0,8262.0
유혹방울,,,,,,,,,,,,,19110.0,19262.0,19062.0,19062.0,15709.0,12364.0,9719.0,9750.0,9933.0,10019.0,9966.0,9888.0,9888.0,8991.0,9194.0,8999.0,7898.0,10906.0,2255.0,2211.0,2211.0,4840.0,4077.0,4621.0,2720.0,10863.0,9707.0,9707.0,8842.0,5669.0,5944.0,4958.0,6711.0,7074.0,7082.0,7131.0,4697.0,4859.0,6860.0,7695.0,8695.0,8766.0,8766.0,6842.0,6717.0,11689.0,7192.0,7059.0,7059.0,4805.0,7279.0,5183.0,4487.0,4337.0,4400.0,4375.0,4236.0,4386.0,5032.0,4939.0,5061.0,4885.0,6554.0,9518.0,9943.0,5885.0,6111.0,6296.0,3187.0,2631.0,2650.0,2670.0,2662.0,2206.0,2206.0,2206.0,635.0,21344.0,26386.0,26597.0,26692.0,27712.0,27553.0,28633.0,27889.0,28602.0,7843.0,9137.0,8634.0,8654.0,8654.0,8858.0,8858.0,8858.0,9928.0,9496.0,9109.0,9118.0,23179.0,23613.0,25373.0,26256.0,27119.0,28662.0,29017.0,28110.0,27905.0,27590.0,30862.0,30861.0,30482.0,27891.0,29008.0,22748.0,21351.0,18169.0,19509.0,19812.0,20879.0,21466.0,17398.0,17481.0,16601.0,15051.0,15356.0,15412.0,15408.0,15334.0,15284.0
풍요로운 나사,,,,,,,,,,,,,18998.0,19056.0,19128.0,19128.0,19128.0,19128.0,19322.0,19322.0,19340.0,19459.0,19756.0,19756.0,19756.0,19756.0,19756.0,19684.0,19684.0,19962.0,17472.0,17471.0,17471.0,17543.0,17537.0,17479.0,17870.0,17480.0,16741.0,16741.0,16953.0,5528.0,5528.0,5528.0,5528.0,5528.0,5528.0,5528.0,5528.0,4699.0,3954.0,1014.0,17148.0,17148.0,17148.0,17148.0,18191.0,18191.0,18191.0,18191.0,18191.0,18191.0,18271.0,18271.0,18271.0,18271.0,18489.0,18489.0,18489.0,18489.0,18489.0,18489.0,18505.0,18505.0,18505.0,18798.0,18798.0,19020.0,19020.0,19056.0,20344.0,20368.0,20352.0,20438.0,20616.0,20616.0,20616.0,20616.0,20399.0,20415.0,19401.0,3893.0,3893.0,2850.0,2850.0,2850.0,3221.0,3210.0,8114.0,8114.0,8120.0,7902.0,7902.0,7724.0,7724.0,7724.0,7724.0,7765.0,7775.0,7537.0,7716.0,7423.0,7621.0,7622.0,7622.0,8317.0,7029.0,7005.0,6903.0,7117.0,7117.0,6926.0,6926.0,11921.0,12121.0,12140.0,12140.0,12140.0,12140.0,12133.0,17348.0,16948.0,11917.0,16917.0,16917.0,16480.0,16480.0,16480.0,16480.0,16661.0,16661.0
소용돌이 수정,,,,,,,,,,,,,,94735.0,94827.0,94827.0,94830.0,94830.0,94830.0,94832.0,94841.0,94289.0,94289.0,94289.0,94289.0,94289.0,94268.0,94239.0,94335.0,94308.0,94287.0,94214.0,94214.0,94182.0,94182.0,94152.0,94143.0,94100.0,94107.0,94107.0,94104.0,94227.0,94162.0,94156.0,94156.0,94149.0,94180.0,94180.0,94180.0,94072.0,94057.0,94020.0,93999.0,94028.0,94028.0,94003.0,213.0,93763.0,50169.0,50171.0,50171.0,50216.0,50216.0,50216.0,50216.0,50216.0,50216.0,50216.0,50216.0,50216.0,50263.0,50278.0,50278.0,50288.0,50100.0,50172.0,50172.0,50179.0,50180.0,50181.0,50208.0,50218.0,50218.0,50218.0,50218.0,50218.0,50218.0,50218.0,50219.0,50224.0,50029.0,50029.0,50061.0,50059.0,5005.0,5092.0,5190.0,5190.0,5190.0,5305.0,5305.0,5959.0,5959.0,5959.0,5959.0,5959.0,5959.0,5959.0,5959.0,5959.0,5965.0,5966.0,5966.0,5899.0,95310.0,95345.0,95399.0,94988.0,55788.0,55788.0,94988.0,94988.0,94987.0,94987.0,94993.0,94993.0,94993.0,95368.0,95368.0,95413.0,90455.0,90394.0,90431.0,90529.0,90525.0,90525.0,90525.0,89871.0,89986.0,89986.0,89986.0
꿈의 결정,,,,,,,,,,,,,,50303.0,50307.0,50307.0,50310.0,50310.0,50311.0,50307.0,50296.0,49755.0,49755.0,49744.0,49744.0,49757.0,49768.0,49764.0,49895.0,49790.0,1003.0,1009.0,1009.0,1018.0,1035.0,1035.0,6035.0,6057.0,6055.0,6055.0,6058.0,5769.0,3769.0,1035.0,1035.0,2687.0,2687.0,2687.0,2687.0,2687.0,2695.0,2695.0,2696.0,2696.0,2696.0,2681.0,2681.0,2676.0,2692.0,2763.0,2763.0,2765.0,2765.0,2766.0,2766.0,2766.0,2766.0,2766.0,2766.0,2766.0,2770.0,2770.0,1771.0,1759.0,1757.0,1761.0,1761.0,1764.0,1752.0,1752.0,1756.0,1756.0,1753.0,1753.0,98.0,9234.0,9234.0,9234.0,9233.0,9232.0,9232.0,9232.0,8258.0,103.0,103.0,104.0,104.0,5036.0,5045.0,5045.0,5045.0,5588.0,5588.0,5588.0,5588.0,5588.0,13743.0,13743.0,13742.0,13742.0,13743.0,13743.0,13749.0,13750.0,13766.0,13767.0,13736.0,13736.0,13733.0,13735.0,5579.0,5579.0,5579.0,13734.0,13757.0,13757.0,13757.0,13777.0,12755.0,12759.0,5555.0,5555.0,552.0,559.0,559.0,559.0,559.0,13.0,13.0,13.0,13.0
암영 키틴질,,,,,,,,,,,,,,32570.0,32754.0,32754.0,4065.0,5722.0,3898.0,5770.0,5897.0,4924.0,4907.0,4836.0,4836.0,4442.0,4598.0,4877.0,6092.0,5752.0,15520.0,15178.0,15178.0,25005.0,4715.0,6360.0,6150.0,5358.0,4976.0,4976.0,3448.0,9766.0,10175.0,9496.0,8243.0,9040.0,3879.0,3897.0,4366.0,6084.0,5110.0,15914.0,16124.0,16553.0,16553.0,17108.0,16926.0,20615.0,17042.0,16257.0,16257.0,16098.0,16358.0,16048.0,16133.0,16766.0,16694.0,16765.0,16863.0,17386.0,15886.0,19699.0,10694.0,10771.0,11255.0,11634.0,37030.0,38695.0,39446.0,38105.0,38932.0,37074.0,37771.0,38030.0,37923.0,37601.0,37550.0,37550.0,36876.0,33486.0,36509.0,36469.0,36314.0,36314.0,22062.0,22112.0,23032.0,21878.0,16792.0,16561.0,5780.0,5233.0,5233.0,5264.0,5264.0,5264.0,16152.0,16727.0,13802.0,13804.0,13991.0,12996.0,41538.0,2699.0,5745.0,7913.0,6905.0,6871.0,6121.0,6169.0,7320.0,7409.0,6078.0,4247.0,6166.0,23153.0,22299.0,22428.0,22534.0,19731.0,19963.0,14455.0,14516.0,13973.0,12366.0,12395.0,12600.0,12568.0,12708.0,12715.0,12732.0
천공의 영광,,,,,,,,,,,,,,31926.0,31915.0,31915.0,31915.0,31942.0,31942.0,31945.0,31954.0,31970.0,31962.0,31962.0,31962.0,31962.0,41934.0,41934.0,41956.0,42450.0,42467.0,42467.0,42467.0,42467.0,42467.0,42530.0,42530.0,42029.0,42029.0,42029.0,42028.0,42027.0,41979.0,41979.0,32042.0,32042.0,32042.0,32042.0,32042.0,32045.0,41245.0,41235.0,42206.0,42207.0,42207.0,41257.0,12342.0,12341.0,12341.0,12312.0,12312.0,12311.0,10633.0,10689.0,32071.0,32071.0,32071.0,33681.0,33681.0,33681.0,33689.0,33686.0,33684.0,33804.0,33804.0,33704.0,33704.0,33704.0,34089.0,34293.0,33707.0,33702.0,33702.0,33702.0,33702.0,33702.0,33702.0,33702.0,33706.0,33709.0,33728.0,33728.0,33728.0,33728.0,33728.0,33728.0,33728.0,3000.0,2994.0,3005.0,3005.0,3005.0,3005.0,3005.0,3005.0,3005.0,3005.0,3005.0,3005.0,3005.0,12031.0,12673.0,12673.0,12675.0,12675.0,12675.0,12671.0,12671.0,13237.0,14237.0,14237.0,14437.0,14437.0,13937.0,16441.0,16481.0,16481.0,16417.0,16417.0,16503.0,16505.0,16505.0,16505.0,16507.0,16506.0,16506.0,16506.0,16506.0,16506.0,16506.0,16406.0
폭풍충만 가죽,,,,,,,,,,,,,,27686.0,27138.0,27138.0,10521.0,12382.0,10176.0,9406.0,9309.0,9225.0,9227.0,9482.0,9482.0,9159.0,9477.0,9264.0,6953.0,5251.0,5879.0,5762.0,5762.0,6928.0,2218.0,2662.0,1647.0,1389.0,983.0,983.0,2353.0,2624.0,3015.0,3497.0,2396.0,2615.0,2555.0,2561.0,2902.0,4272.0,4563.0,9579.0,8948.0,9513.0,9513.0,8867.0,7462.0,8527.0,4089.0,1094.0,1094.0,1333.0,1237.0,782.0,938.0,656.0,2083.0,1986.0,1986.0,2320.0,2802.0,2408.0,2378.0,1447.0,1818.0,2016.0,1367.0,1975.0,2470.0,3507.0,4894.0,3764.0,3090.0,2923.0,2931.0,2938.0,2685.0,2685.0,2204.0,4544.0,4731.0,4773.0,5240.0,5877.0,5922.0,4346.0,4546.0,4455.0,2702.0,4564.0,4896.0,5101.0,5101.0,5132.0,5132.0,5132.0,10748.0,10003.0,10584.0,10271.0,9955.0,9631.0,10684.0,10440.0,10830.0,11206.0,10503.0,10353.0,6717.0,6519.0,10535.0,10543.0,10698.0,9822.0,6627.0,6047.0,6441.0,10206.0,9940.0,9832.0,10872.0,12316.0,12324.0,11623.0,10370.0,10096.0,14348.0,14692.0,14079.0,14737.0,14961.0
방황하는 고독어,,,,,,,,,,,,,,,,,20717.0,20802.0,20472.0,19994.0,19525.0,20286.0,19430.0,19416.0,19416.0,19500.0,19500.0,19469.0,16512.0,25313.0,24998.0,27505.0,27505.0,27508.0,27831.0,27878.0,24873.0,17575.0,18371.0,18371.0,17928.0,19420.0,19404.0,15258.0,15033.0,15359.0,15360.0,15360.0,15360.0,18758.0,19800.0,20146.0,20212.0,20207.0,20207.0,20166.0,20105.0,20106.0,20158.0,19238.0,19238.0,19834.0,19834.0,19833.0,22802.0,22775.0,21780.0,21780.0,21776.0,21776.0,21426.0,13011.0,11028.0,6948.0,7249.0,7076.0,7252.0,8051.0,8056.0,7281.0,7247.0,6447.0,6422.0,8914.0,8584.0,8584.0,8584.0,8584.0,8578.0,7569.0,7753.0,7530.0,7450.0,7245.0,7444.0,7373.0,7542.0,7643.0,6720.0,6706.0,7307.0,7307.0,7307.0,7659.0,7659.0,7659.0,8562.0,8566.0,8575.0,8575.0,7937.0,7982.0,10523.0,9689.0,10619.0,10691.0,10904.0,10900.0,8628.0,8628.0,8675.0,8675.0,5854.0,8675.0,11943.0,11652.0,11658.0,11228.0,11228.0,7352.0,7667.0,7672.0,7602.0,7867.0,8766.0,8772.0,8176.0,8176.0,8123.0,8123.0,8153.0
빛매듭 옷감,,,,,,,,,,,,,,,,,,24653.0,26407.0,26413.0,25425.0,25437.0,25431.0,25367.0,25367.0,25431.0,24439.0,24439.0,23451.0,24587.0,24686.0,24691.0,24691.0,24751.0,24775.0,24715.0,24715.0,24779.0,24979.0,24979.0,24625.0,24628.0,24635.0,24625.0,24704.0,37241.0,37241.0,37241.0,37241.0,37392.0,29029.0,29054.0,29098.0,29098.0,29098.0,29270.0,29242.0,29245.0,29245.0,14245.0,14245.0,14247.0,14247.0,22945.0,23081.0,23081.0,23081.0,23081.0,23081.0,23081.0,23223.0,22380.0,47117.0,47172.0,47061.0,46985.0,47068.0,47018.0,47019.0,46679.0,55766.0,55732.0,55732.0,57515.0,44978.0,44978.0,44978.0,44978.0,44769.0,54798.0,54748.0,54707.0,54724.0,54723.0,54730.0,54730.0,54731.0,54790.0,54660.0,46076.0,46127.0,46127.0,46127.0,46130.0,46130.0,46130.0,45849.0,46004.0,21232.0,21235.0,21371.0,21371.0,21382.0,21376.0,21404.0,21386.0,12623.0,12632.0,10740.0,10614.0,10615.0,10623.0,10623.0,10632.0,2270.0,2932.0,2932.0,2926.0,2942.0,2939.0,3033.0,3033.0,3189.0,3189.0,3149.0,3149.0,3053.0,3053.0,3053.0,3053.0,3053.0
구리 광석,,,,,,,,,,,,,,,,,,,,,,,,,,,29925.0,28453.0,29367.0,29625.0,29703.0,29954.0,29954.0,29975.0,29918.0,28968.0,28786.0,28174.0,27535.0,27535.0,27279.0,27325.0,27381.0,27504.0,36411.0,39746.0,40106.0,41306.0,44066.0,45113.0,36709.0,37743.0,37751.0,35257.0,35257.0,35282.0,35417.0,35590.0,36653.0,36749.0,36749.0,31908.0,31796.0,35775.0,27985.0,23108.0,23108.0,23158.0,17486.0,17486.0,20332.0,20460.0,26603.0,26830.0,26609.0,27650.0,28651.0,29157.0,28601.0,28740.0,28590.0,28619.0,28619.0,21226.0,18941.0,16945.0,14185.0,14185.0,14268.0,15973.0,16976.0,16978.0,16980.0,16980.0,17023.0,17026.0,17026.0,17110.0,17134.0,17134.0,16197.0,16211.0,16211.0,17101.0,17101.0,17101.0,14155.0,14040.0,7317.0,6823.0,4246.0,4246.0,1350.0,1351.0,1388.0,1392.0,1354.0,1461.0,1519.0,1669.0,1665.0,1665.0,1665.0,2170.0,2170.0,1271.0,1269.0,1390.0,9109.0,9074.0,9407.0,9214.0,9221.0,9321.0,9428.0,9328.0,9328.0,9214.0,9214.0,10214.0,10214.0
모네라이트 광석,,,,,,,,,,,,,,,,,,,,,,,,,,,26333.0,26362.0,6510.0,6124.0,6551.0,12766.0,12766.0,12464.0,13049.0,12868.0,12892.0,7682.0,6958.0,6958.0,7086.0,7087.0,7490.0,6941.0,6962.0,6962.0,6962.0,11999.0,12000.0,11986.0,12634.0,11949.0,11569.0,11586.0,11586.0,11497.0,11535.0,11293.0,12209.0,15223.0,15223.0,15239.0,15300.0,15627.0,15917.0,15917.0,15956.0,15456.0,15451.0,15352.0,16342.0,16435.0,18410.0,10620.0,10723.0,10811.0,16858.0,17162.0,16833.0,16738.0,18790.0,17422.0,17549.0,17872.0,17838.0,12740.0,12511.0,12511.0,10511.0,11631.0,12647.0,13647.0,13845.0,14045.0,13845.0,13895.0,13898.0,10666.0,13557.0,13229.0,13427.0,12116.0,12116.0,12171.0,12171.0,12171.0,12710.0,13371.0,12216.0,11520.0,11337.0,12023.0,12410.0,12919.0,12917.0,12089.0,12291.0,12295.0,11851.0,11804.0,11861.0,11861.0,11862.0,11862.0,12683.0,11940.0,11134.0,11236.0,11242.0,10442.0,10639.0,10645.0,10457.0,11426.0,10686.0,10660.0,10459.0,10359.0,10362.0,10323.0,8559.0
작은 암석,,,,,,,,,,,,,,,,,,,,,,,,,,,,,,23671.0,23533.0,23784.0,23784.0,23557.0,23469.0,22377.0,22327.0,22691.0,21970.0,21970.0,22014.0,22056.0,22097.0,22136.0,22135.0,24703.0,24686.0,24706.0,25375.0,24411.0,6429.0,6033.0,6014.0,5808.0,5808.0,5834.0,5691.0,5750.0,5835.0,5835.0,5835.0,5401.0,5339.0,10015.0,6873.0,6890.0,6889.0,6889.0,6889.0,7001.0,5764.0,5852.0,42631.0,42680.0,42680.0,42625.0,43550.0,42833.0,42335.0,43801.0,57817.0,57794.0,57806.0,57589.0,57589.0,57589.0,57589.0,57589.0,56453.0,56310.0,56268.0,56268.0,56128.0,49479.0,49386.0,51176.0,51067.0,51042.0,49651.0,44980.0,44989.0,45009.0,45009.0,45009.0,45009.0,45009.0,50402.0,50411.0,13522.0,13517.0,14582.0,14587.0,15886.0,15366.0,15259.0,15143.0,1179.0,1324.0,1470.0,470.0,1610.0,1610.0,1610.0,1613.0,1613.0,2230.0,2373.0,2346.0,2352.0,1180.0,2495.0,2567.0,2632.0,1789.0,1777.0,1627.0,1627.0,1288.0,1288.0,1288.0,1288.0
강도 높은 암석,,,,,,,,,,,,,,,,,,,,,,,,,,,,,,,23479.0,24221.0,24221.0,24123.0,25481.0,25200.0,23154.0,23176.0,23169.0,23169.0,23157.0,23144.0,22753.0,22902.0,22178.0,22118.0,22118.0,22029.0,22196.0,22196.0,22195.0,9064.0,9064.0,9064.0,9064.0,7434.0,7448.0,7446.0,7455.0,7426.0,7426.0,6947.0,6947.0,6947.0,3420.0,3420.0,3420.0,3420.0,3392.0,3392.0,1691.0,,200.0,2491.0,2491.0,2491.0,7003.0,7835.0,8833.0,9424.0,12047.0,11627.0,11427.0,11428.0,12228.0,12278.0,12278.0,12278.0,11329.0,11185.0,10235.0,10235.0,9459.0,9459.0,11459.0,12466.0,13437.0,14341.0,18456.0,12960.0,12730.0,12730.0,12730.0,12730.0,12730.0,12730.0,19654.0,20673.0,21315.0,21315.0,21133.0,22133.0,16109.0,18800.0,20921.0,21276.0,15242.0,15206.0,16322.0,16410.0,17702.0,19702.0,19701.0,19119.0,20030.0,19237.0,18511.0,17775.0,17831.0,17973.0,17973.0,15619.0,32852.0,32795.0,32739.0,32523.0,30657.0,30151.0,30151.0,30151.0,28151.0
안개에 물든 가죽,,,,,,,,,,,,,,,,,,,,,,,,,,,,,,,,,,,,,,22904.0,22914.0,22914.0,21983.0,22007.0,6605.0,6642.0,6203.0,8465.0,9764.0,9764.0,9764.0,13335.0,12319.0,12298.0,13128.0,13227.0,13227.0,13682.0,13785.0,13589.0,13629.0,13474.0,13474.0,13492.0,12124.0,12142.0,14930.0,14930.0,14930.0,14930.0,14930.0,14930.0,14079.0,14287.0,14341.0,18133.0,18190.0,18212.0,19443.0,19458.0,18472.0,18576.0,19290.0,20351.0,20539.0,20539.0,13445.0,13445.0,13445.0,13445.0,10018.0,9733.0,11129.0,10335.0,25845.0,25846.0,25846.0,26653.0,26654.0,26259.0,25601.0,25581.0,22860.0,22876.0,22876.0,7306.0,7306.0,7306.0,7893.0,8104.0,8003.0,8055.0,8071.0,8211.0,7213.0,8585.0,8539.0,6747.0,5331.0,4187.0,9979.0,10016.0,10230.0,11330.0,11330.0,11278.0,12147.0,6545.0,6152.0,6152.0,17036.0,17036.0,16241.0,16240.0,16287.0,16289.0,16160.0,16160.0,16221.0,16206.0,16094.0,5692.0,5692.0
야생천,,,,,,,,,,,,,,,,,,,,,,,,,,,,,,,,,,,,,,,,,,,,,,,,,,,30379.0,30307.0,29972.0,30297.0,30297.0,30260.0,31681.0,33158.0,33781.0,34372.0,34372.0,28540.0,18427.0,18647.0,13698.0,13883.0,13883.0,13883.0,13883.0,14146.0,14328.0,14296.0,15213.0,14463.0,14527.0,14567.0,15023.0,15153.0,15314.0,15466.0,15744.0,15721.0,14613.0,11670.0,8365.0,5485.0,5485.0,5485.0,5706.0,5880.0,6165.0,8301.0,6339.0,7069.0,7202.0,6338.0,6799.0,6956.0,8502.0,6559.0,6878.0,6885.0,6885.0,6838.0,6838.0,6838.0,6756.0,6647.0,6596.0,6839.0,1425.0,1497.0,2180.0,2714.0,3007.0,1349.0,3028.0,3607.0,1069.0,1261.0,1387.0,1462.0,1469.0,1621.0,274.0,5083.0,5242.0,5497.0,5634.0,5817.0,6017.0,6511.0,6091.0,6420.0,6836.0,7040.0,7136.0,6750.0,6689.0,5689.0,5562.0
드라코니움 광석,,,,,,,,,,,,,,,,,,,,,,,,,,,,,,,,,,,,,,,,,,,,,,,,,,,,,,,,26346.0,27255.0,27421.0,27687.0,27687.0,27687.0,25718.0,22538.0,22573.0,21684.0,19713.0,19284.0,19284.0,19284.0,19377.0,19164.0,19229.0,20594.0,20067.0,20089.0,20744.0,20602.0,20619.0,20942.0,20962.0,19829.0,19854.0,19910.0,23628.0,20960.0,19334.0,14616.0,14616.0,11064.0,12632.0,15924.0,17568.0,18607.0,18667.0,18738.0,18779.0,18779.0,18919.0,19735.0,20704.0,20260.0,19288.0,19288.0,19276.0,19276.0,19276.0,19511.0,19018.0,16981.0,16983.0,19091.0,19146.0,19193.0,19186.0,19186.0,18911.0,19740.0,19752.0,11212.0,11212.0,11214.0,11155.0,11155.0,15025.0,14257.0,9245.0,8062.0,8062.0,8090.0,8092.0,7879.0,7875.0,7887.0,7652.0,6258.0,6207.0,6207.0,6213.0,6213.0,6213.0,6213.0
풍부한 환영 가루,,,,,,,,,,,,,,,,,,,,,,,,,,,,,,,,,,,,,,,,,,,,,,,,,,,,,,,,,26881.0,26886.0,26951.0,26927.0,26927.0,20556.0,26506.0,27565.0,29565.0,29512.0,27243.0,27243.0,25471.0,25471.0,25451.0,18789.0,20082.0,19621.0,19606.0,19598.0,19600.0,19605.0,19763.0,19763.0,19267.0,20519.0,15703.0,15587.0,16590.0,16590.0,15061.0,15061.0,15066.0,17172.0,23174.0,23174.0,23150.0,23150.0,24905.0,24919.0,24919.0,24919.0,17003.0,16003.0,13722.0,12752.0,12752.0,11796.0,11796.0,11796.0,14886.0,15155.0,12987.0,12891.0,12075.0,16333.0,16345.0,16364.0,16370.0,16869.0,16868.0,16868.0,14619.0,14706.0,14706.0,14706.0,14706.0,14154.0,13268.0,6167.0,5248.0,6000.0,5944.0,5972.0,5472.0,5434.0,5457.0,5420.0,5420.0,5420.0,5420.0,5420.0,4606.0,4601.0,4601.0
비늘배 고등어,,,,,,,,,,,,,,,,,,,,,,,,,,,,,,,,,,,,,,,,,,,,,,,,,,,,,,,,,24682.0,25293.0,25282.0,25497.0,25497.0,24344.0,29480.0,29480.0,29386.0,29404.0,23311.0,23246.0,23246.0,23210.0,23068.0,22882.0,22302.0,16578.0,16586.0,16609.0,16375.0,16360.0,16741.0,16745.0,16748.0,16800.0,15828.0,14827.0,14787.0,14775.0,3517.0,3517.0,3538.0,4701.0,4671.0,4671.0,3691.0,2378.0,2113.0,2092.0,2090.0,4430.0,4584.0,4565.0,3492.0,3492.0,3492.0,3491.0,3491.0,3491.0,6764.0,6777.0,6806.0,6800.0,6716.0,12568.0,12970.0,12975.0,11501.0,10528.0,9741.0,9843.0,9821.0,9755.0,9830.0,9832.0,9832.0,9832.0,10801.0,9604.0,9547.0,11022.0,11047.0,11059.0,11059.0,9992.0,7944.0,7936.0,7961.0,7984.0,7984.0,7984.0,7985.0,7985.0,7983.0
검은바위 광석,,,,,,,,,,,,,,,,,,,,,,,,,,,,,,,,,,,,,,,,,,,,,,,,,,,,,,,,,,40807.0,40807.0,40670.0,40670.0,40126.0,40697.0,37747.0,36890.0,37238.0,37218.0,37029.0,36275.0,36275.0,39435.0,37655.0,37141.0,39055.0,39099.0,40392.0,40430.0,36274.0,34662.0,36051.0,36716.0,35536.0,27749.0,27115.0,19116.0,19127.0,19127.0,19127.0,18391.0,21158.0,21289.0,19307.0,19675.0,19238.0,901.0,855.0,705.0,1008.0,611.0,602.0,1103.0,329.0,329.0,364.0,364.0,364.0,4900.0,1645.0,2617.0,1631.0,1510.0,1460.0,20228.0,28128.0,27335.0,27423.0,24533.0,24828.0,24828.0,24828.0,29760.0,29732.0,29732.0,28503.0,28503.0,27986.0,27921.0,28339.0,28339.0,28086.0,25103.0,25135.0,25007.0,28011.0,28185.0,29302.0,29278.0,28836.0,27950.0,28196.0,27514.0
지옥판암,,,,,,,,,,,,,,,,,,,,,,,,,,,,,,,,,,,,,,,,,,,,,,,,,,,,,,,,,,,,26937.0,26937.0,26890.0,25893.0,25995.0,26525.0,29301.0,29301.0,29301.0,29301.0,29301.0,29847.0,30639.0,31512.0,31698.0,31688.0,31544.0,31286.0,31206.0,30705.0,30730.0,30695.0,30642.0,29646.0,23925.0,23745.0,20897.0,20899.0,20899.0,20457.0,20452.0,25452.0,30642.0,29462.0,29862.0,29862.0,28861.0,21794.0,26193.0,26190.0,26222.0,24758.0,24758.0,24758.0,24758.0,24758.0,24758.0,15857.0,25049.0,25394.0,25393.0,32892.0,32890.0,42978.0,43153.0,43088.0,42935.0,42753.0,42763.0,42773.0,42804.0,42991.0,42991.0,42991.0,42577.0,48196.0,43601.0,43456.0,38748.0,39281.0,39550.0,28201.0,27719.0,22714.0,32386.0,32289.0,22608.0,22544.0,22517.0,22517.0,22517.0,22517.0
반짝이는 유리,,,,,,,,,,,,,,,,,,,,,,,,,,,,,,,,,,,,,,,,,,,,,,,,,,,,,,,,,,,,,,25059.0,26034.0,25458.0,26450.0,26447.0,26486.0,26349.0,26349.0,26374.0,25413.0,25781.0,25778.0,25435.0,24305.0,24992.0,25041.0,22770.0,23782.0,23810.0,22924.0,17408.0,13101.0,13179.0,13227.0,13262.0,14556.0,14556.0,10523.0,14445.0,14879.0,15007.0,17801.0,17843.0,17872.0,17960.0,18069.0,18039.0,18639.0,14803.0,14941.0,14937.0,14937.0,15000.0,15000.0,15000.0,15790.0,17797.0,17247.0,17251.0,14596.0,15442.0,15573.0,15677.0,16229.0,17544.0,17848.0,18620.0,15675.0,15669.0,14525.0,14519.0,14514.0,14469.0,14843.0,3707.0,3751.0,4237.0,3277.0,3310.0,3075.0,3613.0,3901.0,949.0,1114.0,506.0,478.0,492.0,598.0,2247.0,2286.0
수놓은 심해 명주,,,,,,,,,,,,,,,,,,,,,,,,,,,,,,,,,,,,,,,,,,,,,,,,,,,,,,,,,,,,,,,,27138.0,26138.0,26138.0,26138.0,26138.0,26138.0,26138.0,26593.0,26701.0,40894.0,40894.0,40894.0,40897.0,41114.0,41114.0,41169.0,41169.0,42198.0,42198.0,41869.0,41869.0,40555.0,40555.0,40555.0,40555.0,40457.0,40385.0,41156.0,41156.0,41154.0,41354.0,41354.0,41354.0,41354.0,38649.0,40119.0,21907.0,21907.0,21907.0,21907.0,21926.0,21926.0,21926.0,21276.0,21616.0,7681.0,7684.0,7969.0,7679.0,7679.0,7688.0,7688.0,7688.0,6847.0,6847.0,6847.0,4847.0,4847.0,5544.0,5544.0,5605.0,5605.0,4828.0,5053.0,5053.0,4853.0,4853.0,4895.0,4895.0,1974.0,1906.0,1892.0,1892.0,2059.0,2059.0,2040.0,2040.0,5040.0
가시지느러미 피라냐,,,,,,,,,,,,,,,,,,,,,,,,,,,,,,,,,,,,,,,,,,,,,,,,,,,,,,,,,,,,,,,,,,,26369.0,26369.0,26369.0,26369.0,26454.0,26453.0,27448.0,27336.0,26149.0,25195.0,25205.0,25201.0,25195.0,25199.0,25192.0,25192.0,25189.0,18416.0,18416.0,13078.0,7165.0,7165.0,6762.0,6776.0,9314.0,9215.0,9224.0,9191.0,9577.0,9527.0,9590.0,9600.0,9426.0,9426.0,3287.0,3287.0,3287.0,3292.0,3292.0,3292.0,4587.0,4590.0,3599.0,3599.0,5546.0,11480.0,11270.0,11269.0,11069.0,11075.0,11336.0,11337.0,11345.0,11345.0,11552.0,11552.0,11552.0,14816.0,16655.0,13746.0,13746.0,13318.0,13318.0,12688.0,12903.0,12911.0,12911.0,12930.0,13246.0,13246.0,13246.0,13246.0,13235.0,13245.0,13245.0
영혼 가루,,,,,,,,,,,,,,,,,,,,,,,,,,,,,,,,,,,,,,,,,,,,,,,,,,,,,,,,,,,,,,,,,,,,,,,25840.0,28847.0,55792.0,54995.0,54764.0,55353.0,55570.0,55351.0,55241.0,55655.0,57451.0,60157.0,62194.0,62251.0,59961.0,55961.0,55965.0,55965.0,55918.0,56981.0,62311.0,62329.0,62136.0,62137.0,62081.0,61521.0,61746.0,61940.0,62137.0,62672.0,62511.0,63201.0,63201.0,63213.0,63213.0,63213.0,58545.0,58544.0,29364.0,29250.0,28765.0,29002.0,29968.0,29958.0,30076.0,30398.0,26762.0,23849.0,13764.0,13764.0,14164.0,14160.0,14096.0,23350.0,32283.0,26982.0,26993.0,28160.0,28160.0,28142.0,27947.0,27001.0,26184.0,27420.0,27485.0,27485.0,27481.0,26366.0,26393.0,26393.0,27222.0
황폐 가죽,,,,,,,,,,,,,,,,,,,,,,,,,,,,,,,,,,,,,,,,,,,,,,,,,,,,,,,,,,,,,,,,,,,,,,,,,54634.0,54613.0,54689.0,55116.0,55152.0,55153.0,55645.0,55648.0,93212.0,93211.0,93211.0,93211.0,93211.0,93211.0,93258.0,93258.0,93262.0,92822.0,92830.0,92901.0,92998.0,93089.0,93141.0,93231.0,93191.0,93226.0,91562.0,91580.0,91251.0,91231.0,91231.0,91231.0,91231.0,91231.0,88591.0,88826.0,39993.0,39964.0,39961.0,45575.0,45592.0,45558.0,45752.0,46463.0,9644.0,9207.0,9130.0,9130.0,8668.0,8668.0,8668.0,8274.0,13634.0,13996.0,13926.0,13807.0,13807.0,13949.0,13844.0,13901.0,13729.0,13739.0,17102.0,17102.0,17104.0,17104.0,17104.0,17049.0,17049.0
황금빛 바다직물,,,,,,,,,,,,,,,,,,,,,,,,,,,,,,,,,,,,,,,,,,,,,,,,,,,,,,,,,,,,,,,,,,,,,,,,,39328.0,39328.0,39132.0,39146.0,39235.0,39263.0,39301.0,39384.0,39495.0,39495.0,38495.0,38478.0,37506.0,37508.0,37508.0,37508.0,37427.0,37388.0,37388.0,37368.0,37199.0,37202.0,37185.0,37189.0,37176.0,34560.0,29471.0,27522.0,27636.0,27636.0,27636.0,27636.0,27636.0,27636.0,27636.0,27667.0,3677.0,3707.0,3667.0,3487.0,3510.0,3527.0,3596.0,3634.0,4433.0,4433.0,4433.0,4433.0,4613.0,4613.0,4613.0,4626.0,4624.0,4624.0,4824.0,4825.0,4825.0,5030.0,5118.0,5142.0,2172.0,1914.0,1913.0,1799.0,1799.0,1799.0,1799.0,1799.0,4799.0
검은바다 채찍꼬리 살덩이,,,,,,,,,,,,,,,,,,,,,,,,,,,,,,,,,,,,,,,,,,,,,,,,,,,,,,,,,,,,,,,,,,,,,,,,,36857.0,35728.0,32964.0,35015.0,35015.0,34642.0,35862.0,37496.0,45053.0,43826.0,34760.0,34760.0,34760.0,34760.0,34760.0,34760.0,34715.0,34665.0,34715.0,34715.0,34735.0,34069.0,34735.0,34735.0,34735.0,34390.0,34250.0,33832.0,34380.0,34380.0,34380.0,34380.0,34380.0,34380.0,36259.0,36815.0,14665.0,10557.0,10350.0,8620.0,8620.0,9620.0,8440.0,9660.0,2924.0,2944.0,7013.0,7013.0,7013.0,7013.0,7013.0,7013.0,7013.0,7013.0,7013.0,7033.0,7033.0,7028.0,7028.0,7028.0,6693.0,6693.0,7546.0,7546.0,7546.0,3477.0,3477.0,3477.0,3477.0
살이 많은 볼깃살,,,,,,,,,,,,,,,,,,,,,,,,,,,,,,,,,,,,,,,,,,,,,,,,,,,,,,,,,,,,,,,,,,,,,,,,,35611.0,31655.0,31661.0,31706.0,31755.0,32855.0,33034.0,33038.0,33124.0,33089.0,33064.0,33104.0,29633.0,29625.0,29625.0,29625.0,29552.0,28590.0,28572.0,28532.0,28474.0,28476.0,28463.0,28604.0,28613.0,28511.0,27464.0,27464.0,27448.0,27433.0,27433.0,27450.0,27450.0,27450.0,31355.0,31367.0,778.0,768.0,252.0,239.0,203.0,142.0,278.0,334.0,661.0,696.0,702.0,755.0,755.0,755.0,758.0,2553.0,2564.0,2598.0,2596.0,2685.0,2696.0,2725.0,2680.0,2682.0,2454.0,2436.0,2586.0,2552.0,2552.0,2552.0,2542.0,2542.0,2548.0
양모 옷감,,,,,,,,,,,,,,,,,,,,,,,,,,,,,,,,,,,,,,,,,,,,,,,,,,,,,,,,,,,,,,,,,,,,,,,,,,34812.0,34760.0,34890.0,34905.0,34600.0,34676.0,34444.0,69865.0,69692.0,59991.0,59991.0,60277.0,60279.0,60313.0,60313.0,60205.0,57668.0,62695.0,62715.0,62792.0,62808.0,56738.0,56840.0,56608.0,58632.0,58651.0,56451.0,56451.0,56414.0,56414.0,56421.0,56421.0,56421.0,64333.0,64230.0,40218.0,42018.0,45996.0,45977.0,45799.0,46806.0,46940.0,46754.0,11846.0,10986.0,9203.0,9221.0,10104.0,10104.0,10104.0,9414.0,9136.0,4359.0,4338.0,4670.0,4648.0,4643.0,4643.0,4656.0,4700.0,4725.0,4734.0,4745.0,4745.0,4743.0,4736.0,4765.0,4765.0
고기로 추정되는 무언가,,,,,,,,,,,,,,,,,,,,,,,,,,,,,,,,,,,,,,,,,,,,,,,,,,,,,,,,,,,,,,,,,,,,,,,,,,,,,,,,,86924.0,86997.0,86997.0,87147.0,85925.0,85929.0,82986.0,82986.0,81963.0,81929.0,78426.0,78542.0,78945.0,78966.0,79091.0,79124.0,79162.0,79196.0,79520.0,79460.0,78663.0,78585.0,78585.0,78592.0,78592.0,78592.0,84945.0,85002.0,84971.0,84975.0,85069.0,85108.0,85321.0,85505.0,85663.0,86187.0,11606.0,11694.0,11618.0,5671.0,5689.0,5668.0,5666.0,5749.0,5849.0,3383.0,3311.0,3019.0,2988.0,2700.0,765.0,693.0,661.0,758.0,86.0,78.0,101.0,113.0,128.0,128.0,130.0
번득비늘,,,,,,,,,,,,,,,,,,,,,,,,,,,,,,,,,,,,,,,,,,,,,,,,,,,,,,,,,,,,,,,,,,,,,,,,,,,,,,,,,63356.0,63361.0,63361.0,64571.0,64526.0,64526.0,63361.0,63361.0,63361.0,63369.0,67915.0,67915.0,68162.0,68162.0,68153.0,68167.0,68164.0,68166.0,68158.0,61738.0,59733.0,59736.0,59736.0,59489.0,59489.0,59489.0,60643.0,60638.0,39658.0,40697.0,44779.0,44741.0,44750.0,45011.0,44945.0,45055.0,14488.0,14494.0,13351.0,13351.0,13351.0,13351.0,13099.0,13099.0,14254.0,9753.0,9778.0,9778.0,9778.0,9848.0,9858.0,9892.0,9715.0,9715.0,9912.0,9912.0,9912.0,9914.0,9914.0,9914.0,9914.0
성난태양 인장,,,,,,,,,,,,,,,,,,,,,,,,,,,,,,,,,,,,,,,,,,,,,,,,,,,,,,,,,,,,,,,,,,,,,,,,,,,,,,,,,52216.0,52216.0,52216.0,52216.0,47310.0,45852.0,45854.0,45854.0,41577.0,41777.0,42356.0,42356.0,42383.0,42406.0,42406.0,42414.0,42414.0,42525.0,42576.0,39415.0,39445.0,39440.0,39440.0,39440.0,39440.0,39440.0,42938.0,42957.0,29706.0,29721.0,31839.0,31886.0,41386.0,41386.0,41419.0,41344.0,13398.0,12976.0,12197.0,3222.0,12183.0,12183.0,12183.0,16183.0,16108.0,15515.0,15514.0,14664.0,11241.0,11242.0,11321.0,11345.0,11420.0,11424.0,11631.0,11668.0,11668.0,11668.0,11668.0,11668.0,11668.0
피로 물든 뼈,,,,,,,,,,,,,,,,,,,,,,,,,,,,,,,,,,,,,,,,,,,,,,,,,,,,,,,,,,,,,,,,,,,,,,,,,,,,,,,,,50733.0,50740.0,50740.0,50836.0,50836.0,50836.0,50836.0,50836.0,47837.0,47837.0,48040.0,48040.0,51180.0,50980.0,51214.0,52037.0,52037.0,52040.0,49237.0,47237.0,47210.0,47239.0,47239.0,47289.0,47289.0,47289.0,47382.0,47382.0,40076.0,40025.0,40089.0,40084.0,40272.0,40294.0,40158.0,40285.0,5636.0,5642.0,5584.0,5555.0,5621.0,5621.0,5621.0,5621.0,5621.0,5513.0,5520.0,5220.0,5049.0,4774.0,3787.0,3856.0,3676.0,3676.0,888.0,888.0,3830.0,3830.0,3780.0,3780.0,3780.0
신성한 조각,,,,,,,,,,,,,,,,,,,,,,,,,,,,,,,,,,,,,,,,,,,,,,,,,,,,,,,,,,,,,,,,,,,,,,,,,,,,,,,,,44475.0,44475.0,41578.0,41600.0,41594.0,37594.0,37594.0,37594.0,37481.0,37717.0,37730.0,37736.0,38545.0,38554.0,38558.0,38101.0,38238.0,38247.0,35153.0,35162.0,28427.0,28664.0,28664.0,28670.0,28670.0,28670.0,27674.0,27660.0,16130.0,16137.0,16035.0,15317.0,15254.0,15247.0,15112.0,15107.0,3542.0,3693.0,3673.0,3735.0,4300.0,4300.0,4303.0,4313.0,4119.0,4118.0,4120.0,3287.0,3289.0,3099.0,3022.0,3931.0,3450.0,2480.0,2515.0,2515.0,2512.0,1404.0,1401.0,1404.0,1889.0
폭풍우 가죽,,,,,,,,,,,,,,,,,,,,,,,,,,,,,,,,,,,,,,,,,,,,,,,,,,,,,,,,,,,,,,,,,,,,,,,,,,,,,,,,,,,,,,,,,,,,,,,,,,,40737.0,37852.0,37847.0,37847.0,37847.0,38057.0,38057.0,38057.0,38214.0,38219.0,9852.0,9695.0,9695.0,7937.0,8420.0,8420.0,8319.0,8321.0,1067.0,912.0,913.0,913.0,1182.0,1182.0,1185.0,4814.0,4810.0,4810.0,4824.0,4828.0,4559.0,4556.0,4822.0,4996.0,4990.0,4990.0,5020.0,5020.0,5020.0,5020.0,4810.0,4810.0,4810.0
천상의 결정,,,,,,,,,,,,,,,,,,,,,,,,,,,,,,,,,,,,,,,,,,,,,,,,,,,,,,,,,,,,,,,,,,,,,,,,,,,,,,,,,,,,,,,,,,,,,,,,,,,,36858.0,36802.0,37345.0,37345.0,37345.0,37345.0,37345.0,37345.0,37345.0,37346.0,37346.0,37346.0,37339.0,37354.0,37399.0,51513.0,51504.0,51529.0,51288.0,50516.0,50520.0,51296.0,51296.0,51296.0,51296.0,51296.0,51296.0,50795.0,50769.0,50770.0,50773.0,50755.0,50757.0,50819.0,50818.0,50815.0,50815.0,50815.0,50272.0,50272.0,50272.0,50272.0
수정 철갑상어,,,,,,,,,,,,,,,,,,,,,,,,,,,,,,,,,,,,,,,,,,,,,,,,,,,,,,,,,,,,,,,,,,,,,,,,,,,,,,,,,,,,,,,,,,,,,,,,,,,,,,,,,,,,,32468.0,32473.0,32711.0,32731.0,31013.0,31069.0,31123.0,30774.0,22165.0,22201.0,22297.0,22302.0,30984.0,30987.0,31004.0,31050.0,31068.0,31093.0,31138.0,31061.0,31085.0,31106.0,10548.0,10567.0,10771.0,10783.0,10793.0,10799.0,10836.0,10840.0,10854.0,10848.0,10876.0
이상한 가루,,,,,,,,,,,,,,,,,,,,,,,,,,,,,,,,,,,,,,,,,,,,,,,,,,,,,,,,,,,,,,,,,,,,,,,,,,,,,,,,,,,,,,,,,,,,,,,,,,,,,,,,,,,,,31521.0,31271.0,30516.0,30794.0,30800.0,30803.0,30805.0,30811.0,30828.0,30828.0,14283.0,14284.0,15041.0,15041.0,15041.0,15055.0,24384.0,24384.0,24388.0,26405.0,26403.0,26137.0,25138.0,25138.0,25616.0,25613.0,25613.0,25613.0,25613.0,25613.0,25613.0,25613.0,25613.0
화염 암모나이트 촉수,,,,,,,,,,,,,,,,,,,,,,,,,,,,,,,,,,,,,,,,,,,,,,,,,,,,,,,,,,,,,,,,,,,,,,,,,,,,,,,,,,,,,,,,,,,,,,,,,,,,,,,,,,,,,30568.0,29531.0,29632.0,29738.0,29765.0,29765.0,29765.0,29765.0,234.0,214.0,2779.0,2779.0,2779.0,2779.0,2779.0,2779.0,2779.0,2779.0,2779.0,3861.0,3861.0,3944.0,3944.0,3944.0,3944.0,3944.0,3999.0,3969.0,3969.0,1321.0,1321.0,1321.0,1238.0
샬도레이 비단,,,,,,,,,,,,,,,,,,,,,,,,,,,,,,,,,,,,,,,,,,,,,,,,,,,,,,,,,,,,,,,,,,,,,,,,,,,,,,,,,,,,,,,,,,,,,,,,,,,,,,,,,,,,,30435.0,30121.0,22866.0,22330.0,21640.0,21505.0,21547.0,21331.0,20798.0,20802.0,20984.0,20990.0,28795.0,28802.0,29057.0,29300.0,31335.0,11172.0,9202.0,9281.0,9293.0,9304.0,9411.0,9063.0,8597.0,8466.0,8359.0,8542.0,8445.0,8445.0,1008.0,1008.0,1008.0
군청색 잉크,,,,,,,,,,,,,,,,,,,,,,,,,,,,,,,,,,,,,,,,,,,,,,,,,,,,,,,,,,,,,,,,,,,,,,,,,,,,,,,,,,,,,,,,,,,,,,,,,,,,,,,,,,,,,,,,31980.0,32002.0,32002.0,32268.0,32875.0,19795.0,18843.0,17956.0,17321.0,18156.0,18131.0,18131.0,18131.0,19060.0,13781.0,13781.0,13778.0,13778.0,14413.0,14392.0,14392.0,13371.0,13371.0,13356.0,13250.0,12435.0,12433.0,12433.0,12433.0,12228.0
고운 보석 가루,,,,,,,,,,,,,,,,,,,,,,,,,,,,,,,,,,,,,,,,,,,,,,,,,,,,,,,,,,,,,,,,,,,,,,,,,,,,,,,,,,,,,,,,,,,,,,,,,,,,,,,,,,,,,,,,,,,,,,,24065.0,24065.0,25925.0,25925.0,25925.0,25925.0,25925.0,25925.0,25947.0,25946.0,25946.0,27925.0,27925.0,27922.0,23733.0,23733.0,23733.0,9990.0,9990.0,9990.0,9990.0,9990.0,9990.0
신선한 생선살,,,,,,,,,,,,,,,,,,,,,,,,,,,,,,,,,,,,,,,,,,,,,,,,,,,,,,,,,,,,,,,,,,,,,,,,,,,,,,,,,,,,,,,,,,,,,,,,,,,,,,,,,,,,,,,,,,,,,,,,,,,,,,,,21884.0,21924.0,22107.0,22799.0,22610.0,21102.0,1736.0,1562.0,1562.0,1216.0,1215.0,1215.0,1212.0,1290.0
무쇠발톱 광석,,,,,,,,,,,,,,,,,,,,,,,,,,,,,,,,,,,,,,,,,,,,,,,,,,,,,,,,,,,,,,,,,,,,,,,,,,,,,,,,,,,,,,,,,,,,,,,,,,,,,,,,,,,,,,,,,,,,,,,,,,,,,,,,21700.0,23604.0,23439.0,24755.0,24939.0,15076.0,15271.0,15515.0,14656.0,15932.0,15503.0,15546.0,15689.0,15756.0
상급 우주의 정수,,,,,,,,,,,,,,,,,,,,,,,,,,,,,,,,,,,,,,,,,,,,,,,,,,,,,,,,,,,,,,,,,,,,,,,,,,,,,,,,,,,,,,,,,,,,,,,,,,,,,,,,,,,,,,,,,,,,,,,,,,,,,,,,,22180.0,22181.0,21777.0,21782.0,21688.0,21688.0,21688.0,21785.0,21785.0,21362.0,21362.0,21362.0,21362.0
장대꽃,,,,,,,,,,,,,,,,,,,,,,,,,,,,,,,,,,,,,,,,,,,,,,,,,,,,,,,,,,,,,,,,,,,,,,,,,,,,,,,,,,,,,,,,,,,,,,,,,,,,,,,,,,,,,,,,,,,,,,,,,,,,,,,,,,,,,,43953.0,43964.0,8407.0,8426.0,8426.0,8426.0,8426.0,8201.0
바다 전갈 몸통,,,,,,,,,,,,,,,,,,,,,,,,,,,,,,,,,,,,,,,,,,,,,,,,,,,,,,,,,,,,,,,,,,,,,,,,,,,,,,,,,,,,,,,,,,,,,,,,,,,,,,,,,,,,,,,,,,,,,,,,,,,,,,,,,,,,,,,,19393.0,19393.0,19393.0,19393.0,19388.0,19388.0
